State,Organization Name,Network Count,Networks Shared With Me,Networks Im Sharing
FL,Polk County FL SO,4,"Polk County FL SO,Polk County FL SO (LR),Polk County FL SO - Axon,Polk County FL SO (Tech)",Okaloosa County FL SO
AL,Orange Beach AL PD,1,Orange Beach AL PD,Okaloosa County FL SO
AL,Hayden AL PD,1,Hayden AL PD,Okaloosa County FL SO
FL,Hillsborough County FL SO,3,"Hillsborough County FL SO (Flex),Hillsborough County Pierce Garage IB ,Hillsborough County FL SO",Okaloosa County FL SO
FL,Holmes County FL SO,1,Holmes County FL SO,Okaloosa County FL SO
FL,Venice FL PD,1,Venice FL PD,Okaloosa County FL SO
GA,Brookhaven GA PD,7,"Brookhaven Parks Ashford Forest (GA),Brookhaven Condor Demo,Brookhaven GA Parks (Condors),Brookhaven Parks (GA),Brookhaven GA PD (Condor),Brookhaven GA PD (LR),Brookhaven GA PD (Falcon)",
FL,Neptune Beach FL PD,1,Neptune Beach FL PD,Okaloosa County FL SO
FL,Treasure Island FL PD,1,Treasure Island FL PD,Okaloosa County FL SO
FL,Defuniak Springs FL PD,1,Defuniak Springs FL PD,Okaloosa County FL SO
GA,Rockmart GA PD,1,Rockmart GA PD,Okaloosa County FL SO
TX,Beaumont TX PD,3,"Lower Neches Valley Authority TX PD ,Beaumont TX PD (WingLPR),Beaumont TX PD",Okaloosa County FL SO
FL,Plant City FL PD,1,Plant City FL PD,Okaloosa County FL SO
TX,Texarkana TX PD,2,"Texarkana TX PD - Falcon Flex ,Texarkana TX PD",
GA,Lowndes County GA SO,1,Lowndes County GA SO,
FL,Walton County FL SO,1,Walton County FL SO,Okaloosa County FL SO
LA,Zachary LA PD,1,Zachary PD (LA),
GA,Dougherty County GA PD,2,"Dougherty County GA PD ,Dougherty County GA PD (Condors)",
FL,Port Saint Joe FL PD,1,Port Saint Joe FL PD,Okaloosa County FL SO
FL,Cape Coral FL PD,1,Cape Coral FL PD,Okaloosa County FL SO
GA,Dillard GA PD,1,Dillard GA PD,
GA,Kennesaw State University GA PD,1,Kennesaw State University,
GA,Rabun County GA SO,2,"Rabun County GA SO (Flex),Rabun County GA SO",
MS,Madison County MS SO,1,Madison County MS SO,
FL,Lake Hamilton FL PD,1,Lake Hamilton FL PD,Okaloosa County FL SO
FL,Lantana FL PD,2,"Lantana FL PD Flex,Lantana FL PD",Okaloosa County FL SO
GA,Cherokee County GA SO,2,"Cherokee County GA SO,Cherokee County GA SO (Flex)",Okaloosa County FL SO
GA,Lyons GA PD,1,Lyons GA PD,
FL,Clay County FL SO,3,"Clay County FL SO (Flex),Clay County FL SO (Condor),Clay County FL SO",Okaloosa County FL SO
FL,Glades County FL SO,2,"Glades County FL SO (Flex),Glades County FL SO",Okaloosa County FL SO
GA,Baldwin County GA SO,2,"Baldwin County GA SO,Baldwin County GA SO - RedSpeed",
GA,Villa Rica GA PD,1,Villa Rica GA PD,Okaloosa County FL SO
GA,Duluth GA PD,2,"Duluth GA PD,Duluth GA PD - RedSpeed",
FL,Gainesville FL PD,1,Gainesville FL PD,Okaloosa County FL SO
GA,Floyd County GA PD,3,"Floyd County GA PD - RedSpeed,Floyd County GA PD,Floyd County GA PD (Flex)",Okaloosa County FL SO
GA,Perry GA PD,3,"Perry GA PD,Perry GA PD (Flex),Perry GA PD - Redspeed",Okaloosa County FL SO
AL,Columbiana AL PD,1,Columbiana AL PD,
AL,Dothan AL PD,1,Dothan AL PD,
AL,Covington County AL SO,1,Covington County SO (AL),Okaloosa County FL SO
AR,Texarkana AR PD,1,Texarkana AR PD,
KY,Bullitt County KY SO,1,Bullitt County KY SO,
GA,Albany GA PD,4,"Albany GA PD,Albany GA PD Condor,Albany GA PD Raven,Albany GA PD - Wing LVI (Redspeed)",Okaloosa County FL SO
GA,Sugar Hill GA PD,2,"Sugar Hill GA PD (Flex),Sugar Hill GA PD",
IN,Anderson IN PD,1,Anderson IN PD,
GA,Crisp County GA SO,3,"Crisp County GA SO,Crisp County GA SO Condor,GA-Crisp County SO Wing",
FL,Lake Wales FL PD,1,Lake Wales FL PD,Okaloosa County FL SO
AL,Brent AL PD,1,Brent AL PD,
FL,Indian River County FL SO,2,"Indian River County FL SO (Flex),Indian River County FL SO",Okaloosa County FL SO
MI,Van Buren MI PD,1,Van Buren Township MI PD,
FL,Alachua FL PD,4,"Alachua FL PD (FLEX),Alachua FL PD (Condor),Alachua FL PD ,Alachua FL PD - Wing",Okaloosa County FL SO
FL,New Smyrna Beach FL PD,1,New Smyrna Beach FL PD,Okaloosa County FL SO
GA,Clayton County GA PD,2,"Clayton County GA PD (Redspeed),Clayton County GA PD",
GA,College Park GA PD,2,"College Park GA PD - Falcon,College Park PD - Flex",
GA,Bremen GA PD,1,Bremen GA PD,
GA,Carrollton GA PD,7,"Carrollton GA PD Raven,Carrollton GA PD,Carrollton PD (GA) Flex,Carrollton GA PD Condor,Carrollton GA PD - Wing Live,Carrollton GA PD - Tanner Street Parking Deck,Carrollton GA PD - Wing Gateway Partnership",
GA,Bulloch County GA SO,1,Bulloch County GA SO,
,Ancient City Capital,42,"Beacon Pointe (MS),AHPC PARKS AT RIVERCREST LLC (SC),Iberia South (LA),PSG Vesta Derby Oaks LLC (KY),Greenbrier Apartments (WV),Regency Woods (MS),Autumn Trace Apts (MS),Patriot Plaza (FL),MILLENNIA JAX 2021 LLC (FL),AHPC Vista Towers 2021 LLC (SC),Social 1600 (FL),AHPC Terraces at Fieldstone Apartments LLC (GA),AHPC Orchard Park 2021 LLC (SC) ,The Cove at NOLA (LA),HHF - McDaniels Street (GA),AHPC Hub Tallahassee LLC (Ocala Rd) (FL),Brookwood Apartments (LA),Bandywood (MS),ALPINE APARTMENT HOMES LLC (GA),Crestview at Cordova (FL) ,Bern-Mas (LA),AHPC TROPICAL RIDGE APARTMENTS LLC,Granada Square (MS),AHPC Inverness Lakes 2021 LLC (AL),AHPC Lakeview at Cottage Hill 2021 LLC (AL),2018 IAVF TIMBER OAKS LLC (IL),Gardenia Grove (MS),AHPC PROSPER FAIRWAYS APARTMENTS LLC (SC) ,AHPC Verandas at Rocky Ridge 2021 LLC (AL),AHPC Cordova Regency (FL) ,The Rubix (Patriot Suites) (NV),PSG Pine Forest Park (TX),AHPC Plantations at Pine Lake (FL),AHPC SOCIAL TALLAHASSEE LLC (FL),Patriot Grove,Patriot Grove (MS),FOUNTAIN CITY APARTMENTS LLC (GA),2018 IAVF PRAIRIE VIEW LLC (IL),Village Hills Apartments (WV),Sunset on the Bayou (AL),Kingston Point (LA),Eban Village (TX)",
FL,Palm Beach Gardens FL PD,2,"Palm Beach Gardens FL PD,Palm Beach Gardens FL PD (Decommissioned)",Okaloosa County FL SO
AL,Thomasville AL PD,1,Thomasville AL PD,
MS,Greenville MS PD,3,"Greenville MS PD,Greenville MS PD - Live Video,Greenville MS PD - Gun Shot Detection",
GA,Monroe County GA SO,1,Monroe County GA SO,
OH,Montgomery County OH SO,1,Montgomery County OH SO,Okaloosa County FL SO
AL,Alabama Law Enforcement Agency (ALEA),5,"Alabama Law Enforcement Agency (ALEA),ALEA (LR),ALEA,Chambers County Drug Task Force AL SO (Flex),ALEA - (Will Not Share)",Okaloosa County FL SO
FL,Maitland FL PD,1,Maitland FL PD,Okaloosa County FL SO
AL,Marshall County AL SO,1,Marshall County AL SO,Okaloosa County FL SO
AL,Rainbow City AL PD,1,Rainbow City AL PD,
GA,Carroll County GA SO,1,Carroll County GA SO,Okaloosa County FL SO
FL,Gulf Breeze FL PD,2,"Gulf Breeze FL PD (Flex),Gulf Breeze FL PD",Okaloosa County FL SO
GA,Worth County GA SO,1,Worth County GA SO,
GA,Wilkinson County GA SO,1,Wilkinson County GA SO,
MS,Tupelo Regional Airport,1,Tupelo Regional Airport PD (MS),
FL,Gadsden County FL SO,2,"Gadsden County FL SO (Flex),Gadsden County FL SO",Okaloosa County FL SO
AL,AL - Gadsden PD,1,Gadsden PD (AL),Okaloosa County FL SO
FL,Holly Hill FL PD,1,Holly Hill FL PD,Okaloosa County FL SO
AL,Gardendale AL PD,1,Gardendale AL PD,
FL,Jacksonville FL SO,3,"Jacksonville FL SO,Jacksonville FL SO (LR),Jacksonville FL SO (Flex)",Okaloosa County FL SO
GA,Spalding County GA SO,1,Spalding County GA SO,
AL,Southside AL PD,1,Southside AL PD,
FL,Miami FL PD,3,"Miami FL PD ,Miami FL PD - Wing Suite,Miami FL PD (LR)",Okaloosa County FL SO
AL,Russellville AL PD,1,Russellville AL PD,Okaloosa County FL SO
MS,Walls MS PD,1,Walls MS PD,
FL,Davie FL PD,2,"Davie FL PD,Davie FL PD Flex",Okaloosa County FL SO
TX,Houston TX PD,19,"Houston PD (TX) – International MgmtD,Houston PD (TX) – Southwest MgmtD,Houston PD (TX) – HCTX MUD 390 (Condors),Houston PD (TX) – Brays Oaks MgmtD,Houston PD (TX) – EADO MgmtD,Houston PD (TX),Houston PD (TX) – Hobby Area MgmtD,Houston PD (TX) – HCTX MUD 404,Houston PD (TX) – HCTX MUD 150,Midtown Municipal Management District TX ,Houston PD (TX) – Spring Branch MgmtD,Houston PD (TX) – HCTX MUD 390,Houston PD (TX) - Houston Housing Authority,Houston PD (TX) – Flex Cams,Southwest Houston Redevelopment Authority TX,Houston PD (TX) – HCTX ID 18,Houston PD (TX) – Uptown Houston MgmtD,Houston PD (TX) - Energy Corridor MgmtD,Houston PD (TX) – Gulfton MgmtD",Okaloosa County FL SO
AL,Decatur AL PD,1,Decatur AL PD,Okaloosa County FL SO
AL,Lincoln AL PD,2,"Lincoln AL PD,Lincoln AL PD (Flex)",Okaloosa County FL SO
FL,Palatka FL PD,1,Palatka FL PD,Okaloosa County FL SO
MS,Neshoba County MS SO,1,Neshoba County MS SO,Okaloosa County FL SO
GA,Putnam County GA SO,1,Putnam County GA SO,
FL,Edgewater FL PD,3,"City of Edgewater FL - (Condor),Edgewater FL PD,Edgewater FL PD (Condor)",Okaloosa County FL SO
FL,Lawtey FL PD,2,"Lawtey FL PD LPR,Lawtey FL PD - Redspeed",Okaloosa County FL SO
GA,McIntosh County GA SO,1,McIntosh County GA SO,Okaloosa County FL SO
AL,Chambers County AL SO,1,Chambers County AL SO,Okaloosa County FL SO
KY,Madisonville KY PD,1,Madisonville KY PD,Okaloosa County FL SO
GA,Tift County GA SO,1,Tift County GA SO,Okaloosa County FL SO
FL,Boynton Beach FL PD,1,Boynton Beach FL PD,Okaloosa County FL SO
GA,Chatham County GA PD,2,"Chatham County GA PD,Chatham County PD (GA) Flex",
GA,Richmond Hill GA PD,1,Richmond Hill GA PD,
FL,Tarpon Springs FL PD,3,"Tarpon Springs FL PD,Tarpon Springs FL PD (Flex),Tarpon Springs PD - Wing",Okaloosa County FL SO
FL,Orlando FL PD,2,"Orlando FL PD ,Orlando FL PD (LR)",Okaloosa County FL SO
LA,Lafourche Parish LA SO,1,Lafourche Parish LA SO,Okaloosa County FL SO
GA,Leesburg GA PD,2,"Leesburg GA PD,Leesburg GA PD - redspeed",Okaloosa County FL SO
LA,Tangipahoa Parish LA SO,1,Tangipahoa Parish LA SO,Okaloosa County FL SO
AL,Birmingham AL PD,2,"Birmingham AL PD (Flex),Birmingham AL PD",Okaloosa County FL SO
FL,Clearwater FL PD,1,Clearwater FL PD,Okaloosa County FL SO
FL,Daytona Beach FL PD,1,Daytona Beach FL PD,Okaloosa County FL SO
GA,Fannin County GA SO,1,Fannin County GA SO,Okaloosa County FL SO
GA,Acworth GA PD,1,Acworth GA PD,Okaloosa County FL SO
TN,Maryville TN PD,1,Maryville TN PD,Okaloosa County FL SO
IN,Pittsboro IN PD,1,Pittsboro IN PD,Okaloosa County FL SO
FL,Columbia County FL SO,3,"Columbia County Housing Authority (FL) Condors,Columbia County FL SO,Columbia County Housing Authority (FL)",Okaloosa County FL SO
TN,Johnson County TN SO,1,Johnson County TN SO,Okaloosa County FL SO
SC,Florence County SC SO,1,Florence County SC Sheriff's Office,Okaloosa County FL SO
AL,Albertville AL PD,1,Albertville AL PD,Okaloosa County FL SO
FL,Atlantis FL PD,2,"Atlantis FL PD,Atlantis FL PD (Condors)",Okaloosa County FL SO
GA,Jasper GA PD,1,Jasper GA PD,
AL,Tarrant AL PD,2,"Tarrant AL PD,Tarrant AL PD - Raven",
FL,Indialantic FL PD,1,Indialantic FL PD,Okaloosa County FL SO
LA,East Baton Rouge LA SO,1,East Baton Rouge Parish LA SO,
GA,Marietta GA PD,3,"Marietta GA PD - Flex,Marietta GA PD - Condor,Marietta GA PD - Falcon",
FL,Alachua County FL SO,2,"Alachua County FL SO,Alachua County FL SO Gunshot Detection",Okaloosa County FL SO
AL,Hamilton AL PD,1,Hamilton AL PD,
GA,Dunwoody GA PD,2,"Dunwoody GA Parks,Dunwoody GA PD",
AL,Muscle Shoals AL PD,2,"Muscle Shoals AL Walmart,Muscle Shoals AL PD",
FL,Ocala FL PD,1,Ocala FL PD,Okaloosa County FL SO
FL,West Melbourne FL PD,2,"West Melbourne FL PD,West Melbourne FL PD - Wing",Okaloosa County FL SO
GA,Savannah PD - GA,2,"Savannah GA PD,Savannah GA PD (Flex)",
FL,Atlantic Beach FL PD,1,Atlantic Beach FL PD,Okaloosa County FL SO
LA,St. Tammany Parish LA SO,1,St. Tammany Parish LA SO,Okaloosa County FL SO
AL,Etowah County AL SO,1,Etowah County AL SO,Okaloosa County FL SO
GA,Webster County GA SO,1,Webster County GA SO,Okaloosa County FL SO
AL,Scottsboro AL PD,1,Scottsboro AL PD,Okaloosa County FL SO
AL,Guntersville AL PD,1,Guntersville AL PD,Okaloosa County FL SO
SC,Lancaster County SC SO,2,"Lancaster County SC SO (Flex),Lancaster County SC SO",
TX,Fort Worth TX PD,10,"Fort Worth TX PD - Wing LVT,Sun Valley PID,Fort Worth TX PD,Fort Worth Code Compliance,Fort Worth TX PD PID #11 Stockyards,East Lancaster PID,Fort Worth TX PD - PID 7 Heritage,Fort Worth TX PD Wing LPR Cameras (Q1700),Fort Worth TX PD - Milestone Live PTZ,Fort Worth TX PD - Las Vegas Trail",
GA,Statesboro GA PD,3,"Statesboro GA PD (Flex),Statesboro GA PD,Statesboro GA PD (Raven)",
AL,Leeds AL PD,1,Leeds AL PD,Okaloosa County FL SO
NC,Boone NC PD,1,Boone NC PD,
FL,St. Augustine FL PD,1,St. Augustine FL PD,Okaloosa County FL SO
FL,Coconut Creek FL PD,2,"Coconut Creek FL PD Flex,Coconut Creek FL PD",Okaloosa County FL SO
FL,Fort Pierce FL PD,4,"Fort Pierce FL PD (Condor),Fort Pierce FL PD,Fort Pierce FL PD Flex,Fort Pierce FL PD - Raven",Okaloosa County FL SO
IN,Fishers IN PD,1,Fishers IN PD,
GA,Auburn GA PD,1,Auburn GA PD,
GA,Thomaston GA PD,1,Thomaston GA PD,
SC,Fairfield County SC SO,1,Fairfield County SC SO,
TX,Galveston County TX SO,1,Galveston County TX SO,
FL,Jackson County FL SO,1,Jackson County FL SO,Okaloosa County FL SO
GA,Dodge County GA SO,1,Dodge County GA SO,Okaloosa County FL SO
AL,Snead AL PD,1,Snead AL PD,
TN,Springfield TN PD,1,Springfield TN PD,
AL,Ardmore AL PD,1,Ardmore AL PD,
AL,Irondale AL PD,1,Irondale AL PD,Okaloosa County FL SO
GA,Morrow GA PD,2,"Morrow GA PD - Redspeed,City of Morrow (GA)",
GA,Madison County GA SO,1,Madison County GA SO,Okaloosa County FL SO
TN,Lauderdale County TN SO,1,Lauderdale County TN SO,
FL,Broward County FL SO,3,"Broward County FL SO,City of Deerfield Beach,City of Tamarac (FL)",Okaloosa County FL SO
MS,Lafayette County MS SO,2,"Lafayette County MS SO,Lafayette County MS SO (Flex)",Okaloosa County FL SO
MS,Crystal Springs MS PD,1,Crystal Springs MS PD,
MS,Oxford MS PD,1,Oxford MS PD,Okaloosa County FL SO
GA,Conyers GA PD,1,Conyers GA PD,
GA,Calhoun GA PD,1,Calhoun GA PD,Okaloosa County FL SO
LA,St. Charles Parish LA SO,2,"St. Charles Parish LA SO,St. Charles Parish LA SO (Flex)",
FL,Mount Dora FL PD,1,Mount Dora FL PD,Okaloosa County FL SO
LA,Iberville Parish LA SO,1,Iberville LA SO,Okaloosa County FL SO
SC,Greenville SC PD,2,"Greenville SC PD,GVL Mobile",
LA,St. Martin Parish LA SO,1,St. Martin Parish LA SO,Okaloosa County FL SO
FL,LaFayette County FL SO,2,"Lafayette County FL SO (Flex),LaFayette County FL SO",Okaloosa County FL SO
GA,Danielsville GA PD,1,Danielsville GA PD,
LA,Vernon Parish LA SO,1,Vernon Parish LA SO,Okaloosa County FL SO
FL,Niceville FL PD,1,Niceville FL PD,Okaloosa County FL SO
MS,Gluckstadt MS PD,2,"Gluckstadt MS PD (Flex),Gluckstadt MS PD",Okaloosa County FL SO
AL,Hoover AL PD,1,Hoover PD (AL),Okaloosa County FL SO
FL,Seminole County FL SO,2,"Seminole County FL SO (Flex),Seminole County FL SO",Okaloosa County FL SO
GA,Byron GA PD,1,Byron GA PD,Okaloosa County FL SO
GA,Griffin GA PD,2,"Griffin GA PD - Falcon,Griffin GA PD - Flex",
FL,Bradford County FL SO,1,Bradford County FL SO,Okaloosa County FL SO
FL,Martin County FL SO,2,"Martin County FL SO,Martin County FL SO (Flex)",Okaloosa County FL SO
FL,Perry FL PD,1,Perry FL PD,Okaloosa County FL SO
FL,Wilton Manors FL PD,2,"Wilton Manors FL PD (Falcon Flex) ,Wilton Manors FL PD",Okaloosa County FL SO
FL,Fort Walton Beach FL PD,2,"Fort Walton Beach FL PD,Fort Walton Beach FL PD (Flex)",Okaloosa County FL SO
GA,Cedartown GA PD,3,"Cedartown GA PD - Redspeed,Cedartown GA PD,Cedartown GA PD Condor",
GA,Covington GA PD,2,"Covington GA PD,Covington Housing Authority",Okaloosa County FL SO
GA,Jesup GA PD,1,Jesup PD (GA),Okaloosa County FL SO
GA,LaGrange GA PD,2,"LaGrange GA PD - Redspeed,LaGrange GA PD",
GA,Milton GA PD,2,"Milton GA PD,Milton GA PD (Flex)",Okaloosa County FL SO
GA,Canton GA PD,1,Canton GA PD,
MS,Southaven MS PD,1,Southaven MS PD,
FL,West Palm Beach FL PD,1,West Palm Beach FL PD,Okaloosa County FL SO
GA,Gwinnett County GA SO,1,Gwinnett County Sheriff's Office (GA),
GA,Gainesville GA PD,2,"Gainesville PD (GA) Flex,Gainesville GA PD",
GA,Moultrie GA PD,3,"Moultrie GA PD - Raven,Moultrie GA PD ,Moultrie GA PD (Condors)",
GA,Towns County GA SO,1,Towns County GA SO,
AL,Alabama Department of Corrections,2,"Alabama Dept of Corrections (Flex),Alabama Department of Corrections",Okaloosa County FL SO
AL,Hackleburg AL PD,1,Hackleburg AL PD,
FL,Bay County FL SO,2,"Bay County FL SO Flex,Bay County FL SO",Okaloosa County FL SO
NC,Mooresville NC PD,1,Mooresville NC PD,
GA,Clarkston GA PD,1,Clarkston GA PD,
GA,Oglethorpe County GA SO,1,Oglethorpe County GA SO,
GA,DeKalb County GA PD,5,"DeKalb County GA PD (GSD),Dekalb County GA PD ,DeKalb County PD Parks,Gresham Park Rec Center,DeKalb County GA PD (GA Power Old)",
LA,St. John Parish LA SO,1,St. John Parish LA SO,
GA,Fort Oglethorpe GA PD,1,Fort Oglethorpe GA PD,
FL,Panama City Beach FL PD,1,Panama City Beach FL PD,Okaloosa County FL SO
GA,Upson County GA SO,1,Upson County GA SO,
GA,Cobb County GA PD,2,"Cobb County Parks & Rec,Cobb County GA PD",Okaloosa County FL SO
AL,Greenville AL PD,2,"Greenville AL PD,Greenville AL PD (Flex)",
FL,Riviera Beach FL PD,1,Riviera Beach FL PD,Okaloosa County FL SO
FL,Escambia County FL SO,1,Escambia County FL SO,Okaloosa County FL SO
AL,Florence AL PD,1,Florence AL PD,
LA,Jefferson Parish LA SO,1,Jefferson Parish LA SO,
FL,Apopka FL PD,1,Apopka FL PD,Okaloosa County FL SO
MI,Adrian MI PD,1,Adrian MI PD,Okaloosa County FL SO
AL,Fultondale AL PD,1,Fultondale AL PD,
GA,Bryan County GA SO,1,Bryan County GA SO,
FL,Pinellas County FL SO,1,Pinellas County FL SO,Okaloosa County FL SO
TN,Lexington TN PD,1,Lexington TN PD,
AL,Helena AL PD,1,Helena AL PD,Okaloosa County FL SO
GA,Valdosta State University GA PD,1,Valdosta State Univ GA PD,
NC,Biltmore Forest NC PD,1,Biltmore Forest NC PD,
FL,Lake Mary FL PD,1,Lake Mary FL PD,Okaloosa County FL SO
MS,MS - Itawamba Community College Campus PD,1,Itawamba Community College Campus PD (MS),
AL,Homewood AL PD,1,Homewood AL PD*,
FL,Suwannee County FL SO,1,Suwanee County FL SO,Okaloosa County FL SO
AL,AL - Sylacauga PD,1,Sylacauga PD (AL),
FL,Hollywood FL PD,2,"Hollywood FL PD,Hollywood FL PD (Condor)",Okaloosa County FL SO
NC,Belmont NC PD,1,Belmont NC PD,
AR,Alexander AR PD,1,Alexander PD (AR),
FL,Titusville FL PD,1,Titusville FL PD,Okaloosa County FL SO
AL,Colbert County AL SO,1,Colbert County AL SO,
GA,Habersham County GA SO,1,Habersham County GA SO,
AL,Cullman County AL SO,1,Cullman County SO (AL),Okaloosa County FL SO
AL,Lee County AL SO,1,Lee County AL SO,
TN,Monterey TN PD,1,Monterey TN PD,
AL,Bessemer AL PD,1,Bessemer AL PD,
AL,Russell County AL SO,1,Russell County AL SO,Okaloosa County FL SO
GA,Decatur County GA SO,1,Decatur County GA SO,
FL,South Miami FL PD,1,South Miami PD (FL),Okaloosa County FL SO
FL,Coral Springs FL PD,1,Coral Springs FL PD,Okaloosa County FL SO
LA,St. Bernard Parish LA SO,1,St. Bernard Parish LA SO,
GA,Colquitt County GA SO,2,"Colquitt County GA SO (Flex),Colquitt County GA SO",Okaloosa County FL SO
FL,Putnam County FL SO,2,"Putnam County FL SO (Flex),Putnam County FL SO",Okaloosa County FL SO
AL,Pell City AL PD,1,Pell City AL PD,Okaloosa County FL SO
AL,Winfield AL PD,1,Winfield AL PD,
AL,Troy AL PD,1,Troy AL PD,
TX,Harris County Const TX Pct 4,1,Heatherloch MUD TX,
GA,Adairsville GA PD,1,Adairsville GA PD,
GA,Lee County GA SO,1,Lee County GA SO,Okaloosa County FL SO
AL,Mountain Brook AL PD,1,Mountain Brook AL PD,Okaloosa County FL SO
AL,Dale County AL SO,1,Dale County AL SO,Okaloosa County FL SO
GA,Butts County GA SO,1,Butts County GA SO,
FL,Casselberry FL PD,1,Casselberry FL PD,Okaloosa County FL SO
GA,Thomas County GA SO,1,Thomas County GA SO,Okaloosa County FL SO
MS,Newton MS PD,1,Newton MS PD,
MS,Tupelo MS PD,2,"Tupelo MS PD,Tupelo MS PD (Flex)",
AL,Franklin County AL SO,2,"Franklin County AL SO,Franklin County AL SO (Flex)",
GA,Bibb County SO GA,1,Bibb County GA SO,
LA,Covington LA PD,1,Covington LA PD,Okaloosa County FL SO
GA,Warner Robins GA PD,3,"Warner Robins GA PD - Wing (Redspeed),Warner Robins GA PD,Warner Robins PD (GA) - Flex",
FL,Miami-Dade FL SO,4,"Miami Dade FL SO Flex Network,Miami-Dade FL SO - NPF LPR Study,Miami-Dade FL SO (Flex),Miami-Dade FL SO",Okaloosa County FL SO
GA,Atlanta GA PD,5,"Atlanta GA PD,Atlanta GA PD (Flex),Atlanta GA PD (LR) ,Atlanta GA PD Airport Division,Atlanta GA PD - Genetec",Okaloosa County FL SO
FL,Live Oak FL PD,1,Live Oak FL PD,Okaloosa County FL SO
FL,Tallahassee FL PD,1,Tallahassee FL PD,Okaloosa County FL SO
GA,Meriwether County GA SO,2,"Meriwether County GA SO (FLEX) ,Meriwether County GA SO",
FL,Lake City FL PD,2,"Lake City FL PD Raven,Lake City FL PD",Okaloosa County FL SO
GA,Newnan GA PD,1,Newnan GA PD,
AL,Montevallo AL PD,1,Montevallo AL PD,
GA,Commerce GA PD,1,Commerce GA PD,
FL,Gilchrist County FL SO,2,"Gilchrist County FL SO (Flex),Gilchrist County FL SO",Okaloosa County FL SO
MS,Pontotoc MS PD,1,Pontotoc MS PD,
FL,Florida Department of Law Enforcement (FDLE),1,Florida Department of Law Enforcement (FDLE),Okaloosa County FL SO
FL,Lake County FL SO,1,Lake County FL SO,Okaloosa County FL SO
AL,Madison County AL SO,1,Madison County SO Falcon (AL),
FL,Bay Harbor Island FL PD,1,Bay Harbor Islands FL PD,Okaloosa County FL SO
FL,FL - Belleair PD,3,"Belleair PD (FL),Belleair FL PD (Flex),Belleair PD (FL) (Condor)",Okaloosa County FL SO
FL,Indian River Shores FL PD,1,Indian River Shores FL PD,Okaloosa County FL SO
AL,AL - Autauga County SO,1,Autauga County SO (AL),
TN,Lenoir City TN PD,1,Lenoir City TN PD,
SC,Laurens SC PD,1,Laurens SC PD,
AL,Lauderdale County AL SO,1,Lauderdale County AL SO,
FL,Pasco County FL SO,1,Pasco County FL SO,Okaloosa County FL SO
GA,Harris County GA SO,2,"Harris County GA SO Falcon Flex,Harris County GA SO",
AL,Hueytown AL PD,1,Hueytown AL PD,Okaloosa County FL SO
FL,High Springs FL PD,3,"High Springs FL PD - Redspeed,High Springs FL PD,High Springs FL PD Flex",Okaloosa County FL SO
TN,Tipton County TN SO,1,Tipton County TN SO,
GA,Kennesaw GA PD,1,Kennesaw GA PD,
MS,Gulfport MS PD,1,Gulfport MS PD,Okaloosa County FL SO
GA,Sumter County GA SO,2,"Sumter County GA SO,Sumter County GA School District",
GA,Seminole County GA SO,1,Seminole County GA SO,
FL,FL- Sanford PD,2,"Sanford FL PD,Sanford FL PD - Trailer",
FL,Lady Lake FL PD,2,"Lady Lake FL PD (Flex),Lady Lake FL PD",Okaloosa County FL SO
FL,Jupiter FL PD,1,Jupiter FL PD,Okaloosa County FL SO
FL,University of South Florida FL PD,1,University of South Florida FL PD,Okaloosa County FL SO
FL,Florida Office of Agriculture Law Enforcement,1,Florida Office of Agriculture Law Enforcement,Okaloosa County FL SO
GA,Lawrenceville GA PD,3,"Lawrenceville GA PD (Flex),Lawrenceville GA PD,Lawrenceville GA PD - Raven",
FL,Ocoee FL PD,1,Ocoee FL PD,Okaloosa County FL SO
FL,Orange County FL SO,1,Orange County FL SO,Okaloosa County FL SO
GA,Department of Natural Resources - GA,1,Georgia Department of Natural Resources (Falcon Flex),Okaloosa County FL SO
LA,Slidell LA PD,1,Slidell LA PD,
FL,Longboat Key FL PD,1,Longboat Key FL PD,Okaloosa County FL SO
FL,North Palm Beach FL PD,1,North Palm Beach FL PD,Okaloosa County FL SO
TN,Goodlettsville TN PD,1,Goodlettsville TN PD,
GA,Lavonia GA PD,1,Lavonia GA PD,
AL,Hartselle AL PD,1,Hartselle AL PD,
AR,Saline County AR SO,1,Saline County AR SO,
SC,Darlington County SC SO,1,Darlington County SC SO,Okaloosa County FL SO
SC,Richland County SC SO,1,Richland County SC SO,Okaloosa County FL SO
GA,Hiram GA PD,1,Hiram GA PD,
GA,Heard County GA SO,1,Heard County GA SO,
FL,Brevard County FL SO,1,Brevard County FL SO,Okaloosa County FL SO
FL,Green Cove Springs FL PD,1,Green Cove Springs FL PD,Okaloosa County FL SO
FL,Melbourne FL PD,1,Melbourne FL PD,Okaloosa County FL SO
FL,St. Petersburg FL PD,1,St Petersburg FL PD - NPF LPR Study,Okaloosa County FL SO
FL,Santa Rosa County FL SO,1,Santa Rosa County FL SO,Okaloosa County FL SO
NC,Town of Connelly Springs NC,1,Town of Connelly Springs NC,
FL,Lakeland FL PD,2,"Lakeland FL PD,Lakeland FL PD (Flex)",Okaloosa County FL SO
FL,Belle Isle FL PD,1,Belle Isle FL PD,Okaloosa County FL SO
FL,Panama City FL PD,1,Panama City FL PD,Okaloosa County FL SO
TN,Jackson TN PD,2,"Jackson TN PD,Jackson TN PD (Flex)",
TN,Lookout Mountain TN PD,1,Lookout Mountain TN PD,
AL,Center Point AL PD,1,Center Point AL,
GA,Roswell GA PD,1,Roswell GA PD,
FL,Highland Beach FL PD,2,"Highland Beach FL PD (Condor),Highland Beach FL PD",Okaloosa County FL SO
FL,Port St. Lucie FL PD,1,Port St. Lucie FL PD,Okaloosa County FL SO
TN,Elizabethton TN PD,1,Elizabethton TN PD,
GA,Oconee County GA SO,1,Oconee County GA SO,Okaloosa County FL SO
MS,MS - Philadelphia PD,1,Philadelphia PD Falcon Cams (MS),
TN,Hardin County TN SO,1,Hardin County TN SO,
CO,Thornton CO PD,1,Thornton CO PD,Okaloosa County FL SO
FL,Sumter County FL SO,2,"Sumter County FL SO,Sumter County FL SO (Flex)",Okaloosa County FL SO
GA,Camilla GA PD,3,"Camilla GA PD ,Camilla GA PD (Raven),Camilla GA PD (Live Video)",Okaloosa County FL SO
FL,Fort Lauderdale FL PD,1,Fort Lauderdale FL PD,Okaloosa County FL SO
GA,Franklin GA PD,1,Franklin GA PD,
FL,Okeechobee County FL SO,2,"Okeechobee County FL SO,Okeechobee County FL SO ( Falcon Flex)",Okaloosa County FL SO
GA,Lumpkin County SO GA,1,Lumpkin County SO (GA),
AL,Coffee County AL SO,1,Coffee County AL SO,
AL,Vestavia Hills AL PD,1,Vestavia Hills AL PD,Okaloosa County FL SO
FL,Pinellas Park FL PD,1,Pinellas Park FL PD,Okaloosa County FL SO
FL,Florida Atlantic University FL PD,1,Florida Atlantic University (FL),Okaloosa County FL SO
OH,Akron OH PD,1,Akron OH PD,
FL,Haines City FL PD,1,Haines City FL PD,Okaloosa County FL SO
FL,Florida State University Campus PD FL,1,Florida State University Campus PD FL,Okaloosa County FL SO
FL,Palm Bay FL PD,1,Palm Bay FL PD,Okaloosa County FL SO
GA,Decatur GA PD,1,Decatur GA PD,
MS,Leake County MS SO,1,Leake County MS SO,
AR,Pocahontas AR PD,1,Pocahontas AR PD,
FL,Cocoa FL PD,1,Cocoa FL PD,Okaloosa County FL SO
GA,Henry County GA PD,5,"Henry County GA PD,Henry County GA PD - Condor,Henry County GA PD - Raven,Henry County GA - Wing LVI (Redspeed),Henry County GA PD - Wing",
FL,Jacksonville Beach FL PD,1,Jacksonville Beach FL PD,Okaloosa County FL SO
MS,MS - Biloxi PD,1,Biloxi PD (MS),
TN,Shelby County TN SO,3,"Town of Arlington (TN),Shelby County TN SO,Lakeland TN",Okaloosa County FL SO
FL,Leesburg FL PD,1,Leesburg FL PD,Okaloosa County FL SO
SC,Spartanburg SC PD,2,"Spartanburg SC PD,Spartanburg SC PD (Flex)",
FL,Davenport FL PD,1,Davenport FL PD,Okaloosa County FL SO
GA,Stone Mountain GA PD,1,Stone Mountain GA PD,
FL,Franklin County FL SO,1,Franklin County FL SO,Okaloosa County FL SO
Federal,US GSA Office of Inspector General,1,US - GSA Office of Inspector General,Okaloosa County FL SO
AL,Alabaster AL PD,1,Alabaster AL PD,Okaloosa County FL SO
FL,Fish and Wildlife Commission FL PD,2,"FL - Florida Fish & Wildlife Wing,Fish and Wildlife Commission FL PD",Okaloosa County FL SO
GA,Baker County GA SO,1,Baker County GA SO,
AL,Calhoun County AL SO,1,Calhoun County AL SO,Okaloosa County FL SO
FL,Florida City FL PD,1,Florida City FL PD,Okaloosa County FL SO
AL,Town of West Blocton AL PD,1,Town of West Blocton AL PD,
GA,Hamilton GA,1,Hamilton GA - Redspeed,
AL,Tuscaloosa County AL SO,1,Tuscaloosa County AL SO,Okaloosa County FL SO
GA,Jefferson GA PD,1,Jefferson GA PD,
AL,AL - Andalusia PD,1,Andalusia PD (AL),
MS,D'Iberville MS PD,1,D'Iberville MS PD,Okaloosa County FL SO
FL,Jefferson County FL SO,2,"Jefferson County FL SO,Jefferson County FL SO (Flex)",Okaloosa County FL SO
GA,Austell GA PD,1,Austell GA PD,
AL,AL - Daphne PD,1,Daphne PD (AL),
AL,Ashville AL PD,1,Ashville AL PD,
FL,Sanibel FL PD,1,Sanibel FL PD,Okaloosa County FL SO
TN,Washington County TN SO,1,Washington County TN SO (Flex),
LA,Lafayette Parish LA SO,1,Lafayette Parish LA SO,
MO,Scott City MO PD,1,Scott City MO PD,
FL,Flagler County FL SO,1,Flager County SO (FL),Okaloosa County FL SO
FL,Liberty County FL SO,1,Liberty County FL SO,Okaloosa County FL SO
TN,Mountain City TN PD,1,Mountain City TN PD,Okaloosa County FL SO
GA,Hapeville GA PD,1,Hapeville GA PD,
TN,Cocke County TN SO,1,Cocke County TN SO,
AL,Morgan County AL SO,1,Morgan County AL SO,Okaloosa County FL SO
FL,Lake Alfred FL PD,1,Lake Alfred FL PD,Okaloosa County FL SO
AL,Jackson AL PD,1,Jackson AL PD,
MS,Madison MS PD,2,"Madison MS PD- Flex Demo ,Madison MS PD",
GA,Forsyth County GA SO,2,"Forsyth County GA SO (Flex),Forsyth County GA SO",Okaloosa County FL SO
AL,Huntsville AL PD,1,Huntsville AL PD,Okaloosa County FL SO
MO,Charleston MO DPS,1,Charleston MO DPS,
AL,Woodstock AL PD,1,Woodstock AL PD,Okaloosa County FL SO
FL,North Miami FL PD,1,North Miami FL PD,Okaloosa County FL SO
GA,Troup County GA SO,1,Troup County GA SO,
GA,Paulding County GA SO,1,Paulding County GA SO,
SC,Pickens County SC SO,1,Pickens County SC SO,Okaloosa County FL SO
TX,Lufkin TX PD,1,Lufkin PD TX,
FL,Sebastian FL PD,1,Sebastian FL PD,Okaloosa County FL SO
FL,Juno Beach FL PD,1,Juno Beach FL PD,Okaloosa County FL SO
GA,Lilburn GA PD,1,Lilburn GA PD,
SC,Conway SC PD,1,Conway SC PD,
FL,Cocoa Beach FL PD,1,Cocoa Beach FL PD,Okaloosa County FL SO
GA,Washington County SO - GA,1,Washington County GA SO,
SC,Anderson SC PD,2,"Anderson SC PD,Anderson SC PD (Flex)",Okaloosa County FL SO
SC,Sumter County SC SO,1,SC - Sumter Co Sheriff's Office,
GA,Columbia County GA SO,1,Columbia County GA SO,
MS,Olive Branch MS PD,1,Olive Branch MS PD,
AL,Blountsville AL PD,1,Blountsville AL PD,
FL,Pinecrest FL PD,1,Pinecrest FL PD,Okaloosa County FL SO
GA,McDonough GA PD,2,"McDonough GA PD - RedSpeed,McDonough GA PD",
NC,Robeson County NC SO,1,Robeson County NC SO,Okaloosa County FL SO
FL,Eustis FL PD,1,Eustis FL PD,Okaloosa County FL SO
TN,Covington TN PD,1,Covington TN PD,
FL,Marianna FL PD,1,Marianna FL PD,Okaloosa County FL SO
TN,Collegedale TN PD,1,Collegedale TN PD,
TN,Anderson County TN SO,1,Anderson County TN SO,
LA,Lincoln Parish LA SO,1,Lincoln Parish LA SO,
SC,Moncks Corner SC PD,1,Moncks Corner SC PD,
GA,Johns Creek GA PD,1,Johns Creek GA PD,
MS,Bay St. Louis MS PD,1,Bay St. Louis PD (MS),Okaloosa County FL SO
NC,University of North Carolina Charlotte (NC),1,University of North Carolina Charlotte (NC),
MS,Ocean Springs MS PD,1,Ocean Springs MS PD,
GA,Peachtree Corners GA Marshal's Office,1,Peachtree Corners GA,Okaloosa County FL SO
AL,Dadeville AL PD,1,Dadeville AL PD,
FL,Sarasota FL PD,1,Sarasota FL PD,Okaloosa County FL SO
GA,Dalton GA PD,1,Dalton GA PD,
FL,Manatee County FL SO,1,Manatee County FL SO,Okaloosa County FL SO
MS,Rankin County MS SO,1,Rankin County MS SO,
LA,Bienville Parish LA SO,1,Bienville Parish LA SO,Okaloosa County FL SO
SC,Fort Mill SC PD,1,Fort Mill SC PD,
MO,Sikeston MO DPS,1,Sikeston MO PD,
MS,Jackson MS PD,1,Jackson MS PD,
MS,MS - Flowood PD,1,Flowood PD Falcons (MS),Okaloosa County FL SO
MS,Newton County MS SO,1,Newton County MS SO,Okaloosa County FL SO
FL,Vero Beach FL PD,2,"Vero Beach FL PD (Condor),Vero Beach FL PD",Okaloosa County FL SO
GA,Barrow County GA SO,1,Barrow County GA SO (Falcon),
FL,Miramar FL PD,1,Miramar FL PD,Okaloosa County FL SO
GA,Cumming GA PD,1,Cumming GA PD,Okaloosa County FL SO
GA,Georgia Southwestern State University Campus PD,1,Georgia Southwestern State University Campus PD,Okaloosa County FL SO
GA,Fairburn GA PD,1,Fairburn GA PD,
FL,Dixie County FL SO,1,Dixie County FL SO (Flex),Okaloosa County FL SO
FL,St. Lucie County FL SO,1,St. Lucie County FL SO,Okaloosa County FL SO
FL,Hamilton County FL SO,1,Hamilton County FL SO,Okaloosa County FL SO
GA,Murray County GA SO,1,Murray County GA SO,
GA,Laurens County GA SO,1,Laurens County GA SO,
GA,Coffee County GA SO,1,Coffee County GA SO,
MS,Fulton MS PD,1,Fulton MS PD,
FL,Miami Gardens FL PD,1,Miami Gardens FL PD,Okaloosa County FL SO
GA,East Point GA PD,1,East Point GA PD,
MS,Carthage MS PD,1,Carthage MS PD,
AL,Trussville AL PD,1,Trussville AL PD,
AL,Pelham AL PD,1,Pelham AL PD,Okaloosa County FL SO
NC,Watauga County NC SO,1,Watauga County NC SO,
FL,Gulf Stream FL PD,1,Gulf Stream FL PD,Okaloosa County FL SO
TN,Dickson TN PD,1,Dickson TN PD,Okaloosa County FL SO
AR,Malvern AR PD,1,Malvern AR PD,
AL,AL- Clarke County SO,1,Clarke County SO (AL),
GA,Woodstock GA PD,2,"Woodstock GA PD - Wing (RedSpeed),Woodstock GA PD",
TN,Claiborne County TN SO,1,Claiborne County TN SO,
IN,Jasper County IN SO,1,Jasper County IN SO,
GA,Rincon GA PD,1,Rincon GA PD,Okaloosa County FL SO
FL,Palm Beach FL PD,2,"Palm Beach FL PD - Genetec LPR SharpV,Palm Beach FL PD",Okaloosa County FL SO
AL,Northport AL PD,1,Northport AL PD,
FL,Washington County FL SO,1,Washington County FL SO,Okaloosa County FL SO
TN,Vonore TN PD,1,Vonore TN PD,
MS,Waveland MS PD,1,Waveland PD (MS),
AL,Phenix City AL PD,1,Phenix City AL PD,Okaloosa County FL SO
MO,Missouri Department of Public Safety,1,Missouri Department of Public Safety,
NM,Bloomfield NM PD,1,Bloomfield NM PD,
GA,Winder GA PD,1,Winder GA PD,
FL,Nassau County FL SO,1,Nassau County FL SO,Okaloosa County FL SO
GA,Loganville GA PD,1,Loganville GA PD,Okaloosa County FL SO
TX,Baytown TX PD,1,Baytown TX PD,
FL,Pensacola FL PD,1,Pensacola FL PD,Okaloosa County FL SO
NC,Town of Hildebran (NC),1,Town of Hildebran (NC),
GA,Snellville GA PD,1,Snellville GA PD,
TN,Crossville TN PD,1,Crossville TN PD,
GA,Cartersville GA PD,1,Cartersville GA PD,
FL,Florida Highway Patrol,2,"Florida Highway Patrol (LR),Florida Highway Patrol",Okaloosa County FL SO
FL,Hendry County FL SO,1,Hendry County FL SO,Okaloosa County FL SO
AL,Jemison AL PD,1,Jemison AL PD,Okaloosa County FL SO
MS,Ridgeland MS PD,1,Ridgeland MS PD,Okaloosa County FL SO
FL,Pembroke Pines FL PD,1,Pembroke Pines FL PD,Okaloosa County FL SO
LA,Port Fourchon Harbor LA PD,1,Port Fourchon Harbor LA PD,Okaloosa County FL SO
GA,Hall County GA SO,1,Hall County GA SO,Okaloosa County FL SO
GA,Whitfield County GA SO,1,Whitfield County GA SO,Okaloosa County FL SO
FL,Palm Beach County FL SO,3,"Palm Beach County FL SO (Condor),Palm Beach County FL SO (LR),Palm Beach County FL SO",Okaloosa County FL SO
SC,Mount Pleasant SC PD,1,Mount Pleasant SC PD,Okaloosa County FL SO
GA,Suwanee GA PD,1,Suwanee GA PD,
AR,Jonesboro AR PD,3,"Jonesboro AR PD ,Jonesboro AR PD (Flex),Bridger Place (AR)",
NC,Henderson County NC SO,1,Henderson County NC SO,
FL,Village of Palm Springs FL PD,1,Palm Springs FL PD,Okaloosa County FL SO
FL,St. Johns County FL SO,2,"St. Johns County FL SO,St. Johns County FL SO (LR)",Okaloosa County FL SO
TN,Blount County TN SO,1,Blount County TN SO,
TN,Kingston Springs TN PD,1,Kingston Springs TN PD,Okaloosa County FL SO
AL,Moody AL PD,1,Moody AL PD,Okaloosa County FL SO
SC,Berkeley County SC SO,1,Berkeley County SC SO,
SC,Kershaw County SC SO,1,Kershaw County SC SO,
AL,Cherokee County AL SO,1,Cherokee County AL SO,
SC,Elgin SC PD,1,Elgin SC PD,
FL,Winter Park FL PD,1,Winter Park FL PD,Okaloosa County FL SO
GA,Ellijay GA PD,1,Ellijay GA PD,
AL,Hanceville AL PD,1,Hanceville AL PD,
GA,Dawson GA PD,1,Dawson GA PD,
MS,Union County MS SO,1,Union County MS SO,
TN,Sevierville TN PD,1,Sevierville TN PD,
GA,Pooler GA PD,2,"Pooler GA PD,Pooler GA PD (Flex)",
AL,Prattville AL PD,1,Prattville AL PD,Okaloosa County FL SO
KY,Bowling Green Warren County Drug Task Force KY,1,Bowling Green Warren County Drug Task Force KY,Okaloosa County FL SO
FL,Quincy FL PD,1,Quincy FL PD,
TN,Dayton TN PD,1,Dayton TN PD,
SC,Anderson County SC SO,1,Anderson County SC SO,
GA,Rockdale County GA SO,1,Rockdale County GA SO,
TN,Williamson County TN SO,1,Williamson County TN SO,Okaloosa County FL SO
GA,Riverdale GA PD,3,"Riverdale GA PD - RedSpeed,Riverdale GA PD (Flex),Riverdale GA PD",
FL,Volusia County FL SO,1,Volusia County FL SO,Okaloosa County FL SO
GA,Alpharetta GA PD,2,"Alpharetta GA PD,Alpharetta GA PD - RedSpeed",
GA,Cook County GA SO,1,Cook County GA SO,
TN,Nolensville TN PD,1,Nolensville TN PD,
GA,Oglethorpe GA PD,1,Oglethorpe GA PD,
FL,University of North FL PD,1,University of North FL PD (Falcon),
FL,Gulf County FL SO,1,Gulf County FL SO,Okaloosa County FL SO
GA,Locust Grove GA PD,1,Locust Grove GA PD,
FL,Indian Harbour Beach FL PD,1,Indian Harbour Beach FL PD,Okaloosa County FL SO
TN,Ashland City TN PD,1,Ashland City TN PD,
NC,Gaston County NC PD,1,Gaston County NC PD,
GA,Chatsworth GA PD,1,Chatsworth GA PD,Okaloosa County FL SO
TN,Loudon TN PD,1,Loudon TN PD,
TN,Greenbrier TN PD,1,Greenbrier TN PD,Okaloosa County FL SO
TN,Hamilton County TN SO,1,Hamilton County TN SO,
MS,MS - Raymond PD,1,Raymond PD (MS),Okaloosa County FL SO
AL,Foley AL PD,1,Foley AL PD,
SC,Marion SC PD,2,"Marion SC PD,Marion SC PD Flex",
FL,Port Orange FL PD,1,Port Orange FL PD,Okaloosa County FL SO
FL,Baker County FL SO,1,Baker County FL SO,Okaloosa County FL SO
TN,Murfreesboro TN PD,1,Murfreesboro TN PD - (LPR),Okaloosa County FL SO
GA,Georgia Tech GA PD,1,Georgia Tech GA PD,
SC,York County SC SO,1,York County SC SO,Okaloosa County FL SO
FL,Sarasota County FL SO,2,"Sarasota County FL SO (Flex),Sarasota County FL SO",Okaloosa County FL SO
MS,Lauderdale County MS SO,1,Lauderdale County MS SO,
KY,Elizabethtown KY PD,1,Elizabethtown KY PD,Okaloosa County FL SO
MS,Scott County MS SO,1,Scott County MS SO,Okaloosa County FL SO
GA,Senoia GA PD,1,Senoia GA PD,Okaloosa County FL SO
FL,Lake Clarke Shores FL PD,1,Lake Clarke Shores FL PD,Okaloosa County FL SO
TN,Paris TN PD,1,Paris TN PD,
FL,DeLand FL PD,1,DeLand FL PD,Okaloosa County FL SO
NC,Mount Holly NC PD,1,Mt Holly NC PD,Okaloosa County FL SO
FL,Hernando County FL SO,1,Hernando County FL SO,Okaloosa County FL SO
GA,Athens-Clarke County GA PD,1,Athens Clarke County GA PD,
FL,Largo FL PD,1,Largo FL PD,Okaloosa County FL SO
TN,Piperton TN PD,1,Piperton TN PD,
FL,Bonifay FL PD,1,Bonifay FL PD,
AL,Eufaula AL PD,1,Eufaula AL PD,
FL,Margate FL PD,1,Margate FL PD,Okaloosa County FL SO
AL,Oxford AL PD,1,Oxford AL PD,Okaloosa County FL SO
FL,Crestview FL PD,1,Crestview FL PD,Okaloosa County FL SO
MS,MS - Wayne County SO,1,Wayne County SO (MS),
GA,Ocilla GA PD,1,Ocilla GA PD,
FL,Panama City Airport FL PD,1,Panama City Airport FL PD,Okaloosa County FL SO
TN,Sumner County TN SO,1,Sumner County TN SO,Okaloosa County FL SO
AL,Leesburg AL PD,1,Leesburg AL PD,Okaloosa County FL SO
LA,Bossier City LA PD,1,Bossier City LA PD,Okaloosa County FL SO
GA,Twiggs County GA SO,1,Twiggs County GA SO,
FL,Ocean Ridge FL PD,1,Ocean Ridge FL PD,Okaloosa County FL SO
AL,Opelika AL PD,1,Opelika AL PD,Okaloosa County FL SO
AL,Macon County AL SO,1,Macon County SO AL,
SC,Irmo SC PD,1,Irmo SC PD,
TX,Livingston TX PD,1,Livingston TX PD,
GA,Temple GA PD,1,Temple GA PD,
SC,Greenwood SC PD,1,Greenwood SC PD,
TN,Lafayette TN PD,1,Lafayette TN PD,
FL,Leon County FL SO,1,Leon County FL SO,Okaloosa County FL SO
GA,Sandy Springs GA PD,2,"Sandy Springs GA PD,Sandy Springs GA PD Flex",
AL,Shelby County AL SO,2,"Shelby County AL SO,Shelby County AL SO Condors",Okaloosa County FL SO
NC,Yancey County NC SO,2,"Yancey County NC SO,Yancey County NC SO (Flex)",
TN,Cheatham County TN SO,1,Cheatham County TN SO,
TN,CSX Railroad PD,1,CSX Railroad TN PD,Okaloosa County FL SO
NC,Avery County NC SO,1,Avery County NC SO Flex,
TN,Oak Ridge TN PD,1,Oak Ridge TN PD,
GA,Douglasville GA PD,1,Douglasville GA PD,
TN,Oakland TN PD,1,Oakland TN PD (FLEX),
AL,Brighton AL PD,1,Brighton AL PD,
FL,Daytona Beach Shores FL PD,1,Daytona Beach Shores FL PD,Okaloosa County FL SO
AL,Jasper AL PD,1,Jasper AL PD,
GA,Bowdon GA PD,1,Bowdon GA PD,
AL,Calera AL PD,1,Calera AL PD,
IN,Avon IN PD,1,Avon IN PD,Okaloosa County FL SO
AL,AL - Jacksonville State University Campus PD,1,Jacksonville State University Campus PD (AL),
FL,Jupiter Inlet Colony FL PD,1,Jupiter Inlet Colony FL PD,Okaloosa County FL SO
LA,St. James Parish LA SO,1,St James Parish LA SO,
AR,Searcy AR PD,1,Searcy AR PD,
TN,Dyer County TN SO,1,Dyer County TN SO,
GA,Lamar County GA SO,1,Lamar County SO GA,
AR,Trumann AR PD,1,Trumann AR PD,
NC,Bessemer City NC PD,1,Bessemer City NC PD,
MS,Pascagoula MS PD,1,Pascagoula MS PD,
GA,Blackshear GA PD,1,Blackshear GA PD,
SC,Georgetown SC PD,1,Georgetown SC PD,
TN,Jefferson County TN SO,1,Jefferson County TN SO,
TN,Tennessee Valley Authority Police,1,Tennessee Valley Authority Police,
NC,Cleveland County NC SO,1,Cleveland County NC SO,
MS,Kosciusko MS PD,1,Kosciusko MS PD,
GA,Chatham-Savannah Counter Narcotics Team,1,CNT Flex,Okaloosa County FL SO
AL,Blount County Commission (AL),1,Blount County Commission (AL),Okaloosa County FL SO
AR,Jefferson County AR SO,1,Jefferson County AR SO (Flex Cams),
SC,Rock Hill SC PD,1,Rock Hill SC PD,
FL,Union County FL SO,1,Union County FL SO,Okaloosa County FL SO
MS,MS - Senatobia PD,1,Senatobia PD (MS),
NC,Stanley NC PD,1,Stanley NC PD,
AL,Lawrence County AL SO,1,Lawrence County AL SO,
SC,Florence SC PD,1,Florence SC PD,
TN,Dyersburg TN PD,1,Dyersburg TN PD,
SC,Mauldin SC PD,1,Mauldin SC PD,Okaloosa County FL SO
TN,Montgomery County TN SO,1,Montgomery County TN SO,
TN,Shelbyville TN PD,1,Shelbyville TN PD,Okaloosa County FL SO
MS,Forrest County MS SO,1,Forrest County MS SO,
GA,Peachtree City GA PD,1,Peachtree City GA PD,Okaloosa County FL SO
GA,Jackson County GA SO,1,Jackson County GA SO,
SC,Charleston SC PD,1,Charleston SC PD,
TN,Sevier County TN SO,1,Sevier County TN SO,
GA,Monroe GA PD,1,Monroe GA PD,
SC,Simpsonville SC PD,1,Simpsonville SC PD,
GA,Montezuma GA PD,1,Montezuma GA PD,Okaloosa County FL SO
SC,Folly Beach SC PD,1,Folly Beach SC PD,
TN,Milan TN PD,1,Milan TN PD,
TN,Gatlinburg TN PD,1,Gatlinburg TN PD,
NC,Hickory NC PD,1,Hickory PD (NC),
AL,Sardis City AL PD,1,Sardis City AL PD,
SC,Walterboro SC PD,1,Walterboro SC PD,
SC,Easley SC PD,1,Easley SC PD,
GA,Hart County GA SO,1,Hart County GA SO,
FL,Desoto County FL SO,1,DeSoto County FL SO,Okaloosa County FL SO
SC,Oconee County SC SO,1,Oconee County SC SO,
TN,Alcoa TN PD,1,Alcoa TN PD,
FL,South Daytona FL PD,1,South Daytona FL PD,Okaloosa County FL SO
TN,Hamblen County TN SO,1,Hamblen County TN SO,Okaloosa County FL SO
MS,Copiah County MS SO,1,Copiah County SO Flex Cams (MS),
TN,Germantown TN PD,1,Germantown TN PD,Okaloosa County FL SO
SC,Clarendon County SC SO,1,Clarendon County SC SO,
AR,Sherwood AR PD,1,Sherwood AR PD,Okaloosa County FL SO
TN,Kingston TN PD,1,Kingston TN PD,
TX,Wichita Falls TX PD,1,Wichita Falls TX PD,Okaloosa County FL SO
TN,Manchester TN PD,1,Manchester TN PD,Okaloosa County FL SO
AL,Talladega County AL SO,1,Talladega County AL SO,Okaloosa County FL SO
MO,SEMO Drug Task Force MO,1,SEMO MO Drug Task Force,
FL,Collier County FL SO,1,Collier County FL SO,Okaloosa County FL SO
NC,Black Mountain NC PD,1,Black Mountain NC PD,
TN,Knoxville TN PD,1,Knoxville TN PD (Flex),
AL,AL - Troy University - Insight,1,AL - Troy University - Insight,
TN,Knox County TN SO,1,Knox County TN SO,
SC,Spartanburg County SC SO,1,Spartanburg County SC SO (Flex),
NC,Mint Hill NC PD,1,Mint Hill NC PD,Okaloosa County FL SO
AL,AL - Wallace State Community College,1,Wallace State Community College (AL),
TN,Spring Hill TN PD,1,Spring Hill TN PD,
TN,Oliver Springs TN PD,1,Oliver Springs TN PD,
NC,Buncombe County NC SO,1,Buncombe County NC SO,
NC,Transylvania County NC SO,1,Transylvania County NC SO,
KY,Calloway County KY SO,1,Calloway County KY SO,
AL,Cordova AL PD,1,Cordova AL PD,
AL,Tuscaloosa AL PD,1,Tuscaloosa AL PD,
TN,Cookeville TN PD,1,Cookeville TN PD,
IL,Midlothian IL PD,0,,Okaloosa County FL SO
NC,Hope Mills NC PD,0,,Okaloosa County FL SO
PA,Southern Regl PA PD,0,,Okaloosa County FL SO
AR,Sheridan AR PD,0,,Okaloosa County FL SO
PA,Mahoning Twp PA PD,0,,Okaloosa County FL SO
KS,Pawnee County KS SO,0,,Okaloosa County FL SO
NC,Pembroke NC PD,0,,Okaloosa County FL SO
WA,Othello WA PD,0,,Okaloosa County FL SO
MO,Raytown MO PD,0,,Okaloosa County FL SO
OK,Rogers County OK SO,0,,Okaloosa County FL SO
SC,Abbeville SC PD,0,,Okaloosa County FL SO
NC,Lenoir NC PD,0,,Okaloosa County FL SO
NC,Haywood County NC SO,0,,Okaloosa County FL SO
GA,University of West Georgia GA PD,0,,Okaloosa County FL SO
OH,Oxford PD - OH,0,,Okaloosa County FL SO
FL,Tampa FL PD,0,,Okaloosa County FL SO
WI,Menomonee Falls WI PD,0,,Okaloosa County FL SO
IN,Fairmount IN PD,0,,Okaloosa County FL SO
IL,Sullivan IL PD,0,,Okaloosa County FL SO
MO,Harrisonville MO PD,0,,Okaloosa County FL SO
MO,Republic MO PD,0,,Okaloosa County FL SO
IN,Greene County IN SO,0,,Okaloosa County FL SO
WI,Sauk Prairie WI PD,0,,Okaloosa County FL SO
OH,Struthers OH PD,0,,Okaloosa County FL SO
IL,Sauk Village IL PD,0,,Okaloosa County FL SO
MO,Perry County MO SO,0,,Okaloosa County FL SO
MA,Mattapoisett MA PD,0,,Okaloosa County FL SO
WI,Grand Chute WI PD,0,,Okaloosa County FL SO
IL,Pike County IL SO,0,,Okaloosa County FL SO
NC,Selma NC PD,0,,Okaloosa County FL SO
GA,Cherokee County GA DA,0,,Okaloosa County FL SO
OH,North Ridgeville OH PD,0,,Okaloosa County FL SO
MS,Perry County MS SO,0,,Okaloosa County FL SO
KY,McCracken County KY SO,0,,Okaloosa County FL SO
TX,Milam County TX SO,0,,Okaloosa County FL SO
IN,Danville IN PD,0,,Okaloosa County FL SO
FL,Miami Springs FL PD,0,,Okaloosa County FL SO
CO,Colorado Springs CO PD,0,,Okaloosa County FL SO
KY,Adairville KY PD,0,,Okaloosa County FL SO
IN,Evansville IN PD,0,,Okaloosa County FL SO
OH,Woodlawn OH PD,0,,Okaloosa County FL SO
MO,Cape Girardeau MO PD,0,,Okaloosa County FL SO
FL,Sea Ranch Lakes FL PD,0,,Okaloosa County FL SO
KY,Paducah KY PD,0,,Okaloosa County FL SO
NC,Asheville NC PD,0,,Okaloosa County FL SO
SC,Greenville County SC SO,0,,Okaloosa County FL SO
MO,Springfield MO PD,0,,Okaloosa County FL SO
AR,AR - Alma PD,0,,Okaloosa County FL SO
MO,Dent County MO SO,0,,Okaloosa County FL SO
NC,Davie County NC SO,0,,Okaloosa County FL SO
NY,Quogue Village NY PD,0,,Okaloosa County FL SO
NC,Fairmont NC PD,0,,Okaloosa County FL SO
KY,Louisville Metro KY PD,0,,Okaloosa County FL SO
TX,Texas Financial Crimes Intelligence Center,0,,Okaloosa County FL SO
PA,New Britain Township PA PD,0,,Okaloosa County FL SO
MI,Dearborn MI PD,0,,Okaloosa County FL SO
SC,Laurens County SC SO,0,,Okaloosa County FL SO
NC,Wilkesboro NC PD,0,,Okaloosa County FL SO
KS,Neosho County KS SO,0,,Okaloosa County FL SO
OK,Bixby OK PD,0,,Okaloosa County FL SO
CO,Fort Collins CO PD,0,,Okaloosa County FL SO
NC,Maggie Valley NC PD,0,,Okaloosa County FL SO
NC,Monroe NC PD,0,,Okaloosa County FL SO
IN,Griffith IN PD,0,,Okaloosa County FL SO
NC,Raleigh NC PD,0,,Okaloosa County FL SO
NC,Whiteville NC PD,0,,Okaloosa County FL SO
KY,Georgetown KY PD,0,,Okaloosa County FL SO
CA,Fairfield CA PD,0,,Okaloosa County FL SO
AR,Miller County AR SO,0,,Okaloosa County FL SO
TN,Sullivan County TN SO,0,,Okaloosa County FL SO
TN,White House TN PD,0,,Okaloosa County FL SO
MI,Grand Haven MI DPS,0,,Okaloosa County FL SO
CO,Loveland CO PD,0,,Okaloosa County FL SO
GA,Butler GA PD,0,,Okaloosa County FL SO
IL,Schuyler Co. IL SO,0,,Okaloosa County FL SO
MS,DeSoto County MS SO,0,,Okaloosa County FL SO
KY,Jessamine County KY SO,0,,Okaloosa County FL SO
Federal,Wright Patterson OH Air Force Base,0,,Okaloosa County FL SO
MI,Sterling Heights MI PD,0,,Okaloosa County FL SO
MO,St. Charles City MO PD,0,,Okaloosa County FL SO
ID,Idaho State Police ID,0,,Okaloosa County FL SO
TX,Tomball TX PD,0,,Okaloosa County FL SO
WI,Whitewater WI PD,0,,Okaloosa County FL SO
MS,Mississippi Department of Public Safety,0,,Okaloosa County FL SO
NC,Rockingham NC PD,0,,Okaloosa County FL SO
KY,Russellville KY PD,0,,Okaloosa County FL SO
TX,Harris County TX SO,0,,Okaloosa County FL SO
AL,Moundville AL PD,0,,Okaloosa County FL SO
NY,Fishkill Town NY PD,0,,Okaloosa County FL SO
WV,Vienna WV PD,0,,Okaloosa County FL SO
AR,Rogers AR PD,0,,Okaloosa County FL SO
AL,Marion County AL SO,0,,Okaloosa County FL SO
NC,Davidson NC PD,0,,Okaloosa County FL SO
VA,Fairfax County VA PD,0,,Okaloosa County FL SO
MO,Osage Beach MO PD,0,,Okaloosa County FL SO
MO,O'Fallon MO PD,0,,Okaloosa County FL SO
KS,Wabaunsee County SO (KS),0,,Okaloosa County FL SO
MO,Missouri Department of Conservation,0,,Okaloosa County FL SO
WA,Puyallup WA PD,0,,Okaloosa County FL SO
TX,Friendswood TX PD,0,,Okaloosa County FL SO
FL,Zephyrhills FL PD,0,,Okaloosa County FL SO
FL,Mascotte FL PD,0,,Okaloosa County FL SO
TX,Crowley TX PD,0,,Okaloosa County FL SO
KS,KS - Meade County SO,0,,Okaloosa County FL SO
OH,Cuyahoga Falls OH PD,0,,Okaloosa County FL SO
NJ,Somerset County NJ Prosecutors Office,0,,Okaloosa County FL SO
Federal,US Postal Inspection Service,0,,Okaloosa County FL SO
MO,Missouri State Highway Patrol,0,,Okaloosa County FL SO
LA,St Mary Parish LA SO,0,,Okaloosa County FL SO
MS,Forest PD MS,0,,Okaloosa County FL SO
MO,Missouri Information Analysis Center,0,,Okaloosa County FL SO
CO,Durango CO PD,0,,Okaloosa County FL SO
NC,Huntersville PD NC,0,,Okaloosa County FL SO
TN,Trousdale County TN SO,0,,Okaloosa County FL SO
AR,Pea Ridge AR PD,0,,Okaloosa County FL SO
AL,Madison AL PD,0,,Okaloosa County FL SO
KY,Morehead KY PD,0,,Okaloosa County FL SO
MO,Maryland Heights MO PD,0,,Okaloosa County FL SO
FL,Osceola County FL SO,0,,Okaloosa County FL SO
FL,Springfield FL PD,0,,Okaloosa County FL SO
FL,Chattahoochee FL PD,0,,Okaloosa County FL SO
FL,Cross City FL PD,0,,Okaloosa County FL SO
FL,Valparaiso FL PD,0,,Okaloosa County FL SO
FL,Indian River County FL SO (2),0,,Okaloosa County FL SO
OH,Vandalia OH PD,0,,Okaloosa County FL SO
AL,Alabama Drug Enforcement Task Force Region G,0,,Okaloosa County FL SO
MI,Troy MI PD,0,,Okaloosa County FL SO
VA,Woodstock VA PD,0,,Okaloosa County FL SO
GA,Coweta County GA SO,0,,Okaloosa County FL SO
NC,Matthews NC PD,0,,Okaloosa County FL SO
KS,Wichita KS PD,0,,Okaloosa County FL SO
TN,Wayne County TN SO,0,,Okaloosa County FL SO
MO,Richmond Heights MO PD,0,,Okaloosa County FL SO
TN,TN ROCIC,0,,Okaloosa County FL SO
TN,Mt. Juliet TN PD,0,,Okaloosa County FL SO
IN,Rockport IN PD,0,,Okaloosa County FL SO
AL,Alabama Department of Revenue,0,,Okaloosa County FL SO
FL,Orange Park FL PD,0,,Okaloosa County FL SO
AL,Boaz AL PD,0,,Okaloosa County FL SO
FL,Oviedo FL PD,0,,Okaloosa County FL SO
FL,FL - Department of Corrections,0,,Okaloosa County FL SO
FL,Sunrise FL PD,0,,Okaloosa County FL SO
FL,St. Cloud FL PD,0,,Okaloosa County FL SO
AL,Glencoe AL PD,0,,Okaloosa County FL SO
FL,Dade City FL PD,0,,Okaloosa County FL SO
AL,Montgomery County AL SO,0,,Okaloosa County FL SO
FL,Wakulla County FL SO,0,,Okaloosa County FL SO
FL,Altamonte Springs FL PD,0,,Okaloosa County FL SO
TX,Holland TX PD,0,,Okaloosa County FL SO
NY,Glen Cove NY PD,0,,Okaloosa County FL SO
OK,Purcell OK PD,0,,Okaloosa County FL SO
NC,Macon County NC SO,0,,Okaloosa County FL SO
VA,Spotsylvania County VA SO,0,,Okaloosa County FL SO
SC,Sumter SC PD,0,,Okaloosa County FL SO
KY,Henderson KY PD,0,,Okaloosa County FL SO
AR,Bryant AR PD,0,,Okaloosa County FL SO
SC,Goose Creek SC PD,0,,Okaloosa County FL SO
OH,Perrysburg OH PD,0,,Okaloosa County FL SO
SC,Loris SC PD,0,,Okaloosa County FL SO
OH,Tuscarawas County OH SO,0,,Okaloosa County FL SO
TN,Lebanon TN PD,0,,Okaloosa County FL SO
TN,Hendersonville TN PD,0,,Okaloosa County FL SO
IN,Marion Health PD (IN),0,,Okaloosa County FL SO
WI,Jackson WI PD,0,,Okaloosa County FL SO
IN,Lake County IN SO,0,,Okaloosa County FL SO
NC,Lexington NC PD,0,,Okaloosa County FL SO
OH,Urbana OH PD,0,,Okaloosa County FL SO
WI,Rock County WI SO,0,,Okaloosa County FL SO
NC,North Wilkesboro NC PD,0,,Okaloosa County FL SO
KS,Pottawatomie County KS SO,0,,Okaloosa County FL SO
CA,El Cajon CA PD,0,,Okaloosa County FL SO
NY,Nassau County NY PD,0,,Okaloosa County FL SO
SC,South Carolina Law Enforcement Division - SLED,0,,Okaloosa County FL SO
MO,Jefferson County MO SO,0,,Okaloosa County FL SO
AR,Lonoke County AR SO,0,,Okaloosa County FL SO
CA,Imperial County CA SO,0,,Okaloosa County FL SO
WI,Eau Claire County WI SO,0,,Okaloosa County FL SO
IN,Princeton IN PD,0,,Okaloosa County FL SO
NC,Iredell County NC SO,0,,Okaloosa County FL SO
IA,Cedar County IA SO,0,,Okaloosa County FL SO
SC,Calhoun County SC SO,0,,Okaloosa County FL SO
WV,Village of Clearview WV PD,0,,Okaloosa County FL SO
SC,Wellford SC PD,0,,Okaloosa County FL SO
IA,Altoona IA PD,0,,Okaloosa County FL SO
WI,Washington County WI SO,0,,Okaloosa County FL SO
IL,Hanover Park IL PD,0,,Okaloosa County FL SO
NC,Rutherford County NC SO,0,,Okaloosa County FL SO
WI,Vernon County WI SO,0,,Okaloosa County FL SO
TN,White Pine TN PD,0,,Okaloosa County FL SO
NC,Winterville NC PD,0,,Okaloosa County FL SO
AR,UCPAO AR,0,,Okaloosa County FL SO
TX,Carson County TX SO,0,,Okaloosa County FL SO
AR,Cabot AR PD,0,,Okaloosa County FL SO
KY,Henderson County KY SO,0,,Okaloosa County FL SO
SD,Summerset SD PD,0,,Okaloosa County FL SO
KY,Owensboro KY PD,0,,Okaloosa County FL SO
FL,Stuart FL PD,0,,Okaloosa County FL SO
TN,Portland TN PD,0,,Okaloosa County FL SO
IN,Tell City IN PD,0,,Okaloosa County FL SO
FL,Manalapan FL PD,0,,Okaloosa County FL SO
FL,Okaloosa County FL SO,0,,Okaloosa County FL SO
FL,University of South Florida at St. Petersburg FL PD,0,,Okaloosa County FL SO
TN,Nashville Intl Airport TN PD,0,,Okaloosa County FL SO
