Page,Organization Name,Networks Shared With Me,Networks I'm Sharing
1,Polk County FL SO,"Polk County FL SO,Polk County FL SO (LR),Polk County FL SO - Axon,Polk County FL SO (Tech)",Okaloosa County FL SO
1,Orange Beach AL PD,Orange Beach AL PD,
1,Hayden AL PD,Hayden AL PD,
1,Hillsborough County FL SO,"Hillsborough County FL SO (Flex),Hillsborough County Pierce Garage IB,Hillsborough County FL SO",Okaloosa County FL SO
1,Holmes County FL SO,Holmes County FL SO,Okaloosa County FL SO
1,Venice FL PD,Venice FL PD,Okaloosa County FL SO
1,Brookhaven GA PD,"Brookhaven Parks Ashford Forest (GA),Brookhaven Condor Demo,Brookhaven GA Parks (Condors),Brookhaven Parks (GA),Brookhaven GA PD (Condor),Brookhaven GA PD (LR),Brookhaven GA PD (Falcon)",
1,Neptune Beach FL PD,Neptune Beach FL PD,Okaloosa County FL SO
1,Treasure Island FL PD,Treasure Island FL PD,Okaloosa County FL SO
1,Defuniak Springs FL PD,Defuniak Springs FL PD,Okaloosa County FL SO
1,Rockmart GA PD,Rockmart GA PD,Okaloosa County FL SO
1,Beaumont TX PD,"Lower Neches Valley Authority TX PD,Beaumont TX PD (WingLPR),Beaumont TX PD",Okaloosa County FL SO
1,Plant City FL PD,Plant City FL PD,Okaloosa County FL SO
1,Texarkana TX PD,"Texarkana TX PD - Falcon Flex,Texarkana TX PD",
1,Lowndes County GA SO,Lowndes County GA SO,
1,Walton County FL SO,Walton County FL SO,Okaloosa County FL SO
1,Zachary LA PD,Zachary PD (LA),
1,Dougherty County GA PD,"Dougherty County GA PD,Dougherty County GA PD (Condors)",
1,Port Saint Joe FL PD,Port Saint Joe FL PD,Okaloosa County FL SO
1,Cape Coral FL PD,Cape Coral FL PD,Okaloosa County FL SO
1,Dillard GA PD,Dillard GA PD,
1,Kennesaw State University GA PD,Kennesaw State University,
1,Rabun County GA SO,"Rabun County GA SO (Flex),Rabun County GA SO",
1,Madison County MS SO,Madison County MS SO,
1,Lake Hamilton FL PD,Lake Hamilton FL PD,Okaloosa County FL SO
2,Lantana FL PD,"Lantana FL PD Flex,Lantana FL PD",Okaloosa County FL SO
2,Cherokee County GA SO,"Cherokee County GA SO,Cherokee County GA SO (Flex)",Okaloosa County FL SO
2,Lyons GA PD,Lyons GA PD,
2,Clay County FL SO,"Clay County FL SO (Flex),Clay County FL SO (Condor),Clay County FL SO",Okaloosa County FL SO
2,Glades County FL SO,"Glades County FL SO (Flex),Glades County FL SO",Okaloosa County FL SO
2,Baldwin County GA SO,"Baldwin County GA SO,Baldwin County GA SO - RedSpeed",
2,Villa Rica GA PD,Villa Rica GA PD,Okaloosa County FL SO
2,Duluth GA PD,"Duluth GA PD,Duluth GA PD - RedSpeed",
2,Gainesville FL PD,Gainesville FL PD,Okaloosa County FL SO
2,Floyd County GA PD,"Floyd County GA PD - RedSpeed,Floyd County GA PD,Floyd County GA PD (Flex)",Okaloosa County FL SO
2,Perry GA PD,"Perry GA PD,Perry GA PD (Flex),Perry GA PD - Redspeed",Okaloosa County FL SO
2,Columbiana AL PD,Columbiana AL PD,
2,Dothan AL PD,Dothan AL PD,
2,Covington County AL SO,Covington County SO (AL),Okaloosa County FL SO
2,Texarkana AR PD,Texarkana AR PD,
2,Bullitt County KY SO,Bullitt County KY SO,
2,Albany GA PD,"Albany GA PD,Albany GA PD Condor,Albany GA PD Raven,Albany GA PD - Wing LVI (Redspeed)",Okaloosa County FL SO
2,Sugar Hill GA PD,"Sugar Hill GA PD (Flex),Sugar Hill GA PD",
2,Anderson IN PD,Anderson IN PD,
2,Crisp County GA SO,"Crisp County GA SO,Crisp County GA SO Condor,GA-Crisp County SO Wing",
2,Lake Wales FL PD,Lake Wales FL PD,Okaloosa County FL SO
2,Brent AL PD,Brent AL PD,
2,Indian River County FL SO,"Indian River County FL SO (Flex),Indian River County FL SO",Okaloosa County FL SO
2,Van Buren MI PD,Van Buren Township MI PD,
2,Alachua FL PD,"Alachua FL PD (FLEX),Alachua FL PD (Condor),Alachua FL PD,Alachua FL PD - Wing",Okaloosa County FL SO
2,New Smyrna Beach FL PD,New Smyrna Beach FL PD,Okaloosa County FL SO
2,Clayton County GA PD,"Clayton County GA PD (Redspeed),Clayton County GA PD",
2,College Park GA PD,"College Park GA PD - Falcon,College Park PD - Flex",
3,Bremen GA PD,Bremen GA PD,
3,Carrollton GA PD,"Carrollton GA PD Raven,Carrollton GA PD,Carrollton PD (GA) Flex,Carrollton GA PD Condor,Carrollton GA PD - Wing Live,Carrollton GA PD - Tanner Street Parking Deck,Carrollton GA PD - Wing Gateway Partnership",
3,Bulloch County GA SO,Bulloch County GA SO,
3,Ancient City Capital,"Beacon Pointe (MS),AHPC PARKS AT RIVERCREST LLC (SC),Iberia South (LA),PSG Vesta Derby Oaks LLC (KY),Greenbrier Apartments (WV),Regency Woods (MS),Autumn Trace Apts (MS),Patriot Plaza (FL),MILLENNIA JAX 2021 LLC (FL),AHPC Vista Towers 2021 LLC (SC),Social 1600 (FL),AHPC Terraces at Fieldstone Apartments LLC (GA),AHPC Orchard Park 2021 LLC (SC),The Cove at NOLA (LA),HHF - McDaniels Street (GA),AHPC Hub Tallahassee LLC (Ocala Rd) (FL),Brookwood Apartments (LA),Bandywood (MS),ALPINE APARTMENT HOMES LLC (GA),Crestview at Cordova (FL),Bern-Mas (LA),AHPC TROPICAL RIDGE APARTMENTS LLC,Granada Square (MS),AHPC Inverness Lakes 2021 LLC (AL),AHPC Lakeview at Cottage Hill 2021 LLC (AL),2018 IAVF TIMBER OAKS LLC (IL),Gardenia Grove (MS),AHPC PROSPER FAIRWAYS APARTMENTS LLC (SC),AHPC Verandas at Rocky Ridge 2021 LLC (AL),AHPC Cordova Regency (FL),The Rubix (Patriot Suites) (NV),PSG Pine Forest Park (TX),AHPC Plantations at Pine Lake (FL),AHPC SOCIAL TALLAHASSEE LLC (FL),Patriot Grove,Patriot Grove (MS),FOUNTAIN CITY APARTMENTS LLC (GA),2018 IAVF PRAIRIE VIEW LLC (IL),Village Hills Apartments (WV),Sunset on the Bayou (AL),Kingston Point (LA),Eban Village (TX)",
3,Palm Beach Gardens FL PD,"Palm Beach Gardens FL PD,Palm Beach Gardens FL PD (Decommissioned)",Okaloosa County FL SO
3,Thomasville AL PD,Thomasville AL PD,
3,Greenville MS PD,"Greenville MS PD,Greenville MS PD - Live Video,Greenville MS PD - Gun Shot Detection",
4,Monroe County GA SO,Monroe County GA SO,
4,Montgomery County OH SO,Montgomery County OH SO,Okaloosa County FL SO
4,Alabama Law Enforcement Agency (ALEA),"Alabama Law Enforcement Agency (ALEA),ALEA (LR),ALEA,Chambers County Drug Task Force AL SO (Flex),ALEA - (Will Not Share)",Okaloosa County FL SO
4,Maitland FL PD,Maitland FL PD,Okaloosa County FL SO
4,Marshall County AL SO,Marshall County AL SO,Okaloosa County FL SO
4,Rainbow City AL PD,Rainbow City AL PD,
4,Carroll County GA SO,Carroll County GA SO,Okaloosa County FL SO
4,Gulf Breeze FL PD,"Gulf Breeze FL PD (Flex),Gulf Breeze FL PD",Okaloosa County FL SO
4,Worth County GA SO,Worth County GA SO,
4,Wilkinson County GA SO,Wilkinson County GA SO,
4,Tupelo Regional Airport,Tupelo Regional Airport PD (MS),
4,Gadsden County FL SO,"Gadsden County FL SO (Flex),Gadsden County FL SO",Okaloosa County FL SO
4,AL - Gadsden PD,Gadsden PD (AL),Okaloosa County FL SO
4,Holly Hill FL PD,Holly Hill FL PD,Okaloosa County FL SO
4,Gardendale AL PD,Gardendale AL PD,
4,Jacksonville FL SO,"Jacksonville FL SO,Jacksonville FL SO (LR),Jacksonville FL SO (Flex)",Okaloosa County FL SO
4,Spalding County GA SO,Spalding County GA SO,
4,Southside AL PD,Southside AL PD,
4,Miami FL PD,"Miami FL PD,Miami FL PD - Wing Suite,Miami FL PD (LR)",Okaloosa County FL SO
4,Russellville AL PD,Russellville AL PD,Okaloosa County FL SO
4,Walls MS PD,Walls MS PD,
4,Davie FL PD,"Davie FL PD,Davie FL PD Flex",Okaloosa County FL SO
5,Houston TX PD,"Houston PD (TX) - International MgmtD,Houston PD (TX) - Southwest MgmtD,Houston PD (TX) - HCTX MUD 390 (Condors),Houston PD (TX) - Brays Oaks MgmtD,Houston PD (TX) - EADO MgmtD,Houston PD (TX),Houston PD (TX) - Hobby Area MgmtD,Houston PD (TX) - HCTX MUD 404,Houston PD (TX) - HCTX MUD 150,Midtown Municipal Management District TX,Houston PD (TX) - Spring Branch MgmtD,Houston PD (TX) - HCTX MUD 390,Houston PD (TX) - Houston Housing Authority,Houston PD (TX) - Flex Cams,Southwest Houston Redevelopment Authority TX,Houston PD (TX) - HCTX ID 18,Houston PD (TX) - Uptown Houston MgmtD,Houston PD (TX) - Energy Corridor MgmtD,Houston PD (TX) - Gulfton MgmtD",Okaloosa County FL SO
5,Decatur AL PD,Decatur AL PD,Okaloosa County FL SO
5,Lincoln AL PD,"Lincoln AL PD,Lincoln AL PD (Flex)",Okaloosa County FL SO
5,Palatka FL PD,Palatka FL PD,Okaloosa County FL SO
5,Neshoba County MS SO,Neshoba County MS SO,Okaloosa County FL SO
5,Putnam County GA SO,Putnam County GA SO,
5,Edgewater FL PD,"City of Edgewater FL - (Condor),Edgewater FL PD,Edgewater FL PD (Condor)",Okaloosa County FL SO
5,Lawtey FL PD,"Lawtey FL PD LPR,Lawtey FL PD - Redspeed",Okaloosa County FL SO
5,McIntosh County GA SO,McIntosh County GA SO,Okaloosa County FL SO
5,Chambers County AL SO,Chambers County AL SO,Okaloosa County FL SO
5,Madisonville KY PD,Madisonville KY PD,Okaloosa County FL SO
5,Tift County GA SO,Tift County GA SO,Okaloosa County FL SO
5,Boynton Beach FL PD,Boynton Beach FL PD,Okaloosa County FL SO
5,Chatham County GA PD,"Chatham County GA PD,Chatham County PD (GA) Flex",
5,Richmond Hill GA PD,Richmond Hill GA PD,
5,Tarpon Springs FL PD,"Tarpon Springs FL PD,Tarpon Springs FL PD (Flex),Tarpon Springs PD - Wing",Okaloosa County FL SO
5,Orlando FL PD,"Orlando FL PD,Orlando FL PD (LR)",Okaloosa County FL SO
5,Lafourche Parish LA SO,Lafourche Parish LA SO,Okaloosa County FL SO
6,Leesburg GA PD,"Leesburg GA PD,Leesburg GA PD - redspeed",Okaloosa County FL SO
6,Tangipahoa Parish LA SO,Tangipahoa Parish LA SO,Okaloosa County FL SO
6,Birmingham AL PD,"Birmingham AL PD (Flex),Birmingham AL PD",Okaloosa County FL SO
6,Clearwater FL PD,Clearwater FL PD,Okaloosa County FL SO
6,Daytona Beach FL PD,Daytona Beach FL PD,Okaloosa County FL SO
6,Fannin County GA SO,Fannin County GA SO,Okaloosa County FL SO
6,Acworth GA PD,Acworth GA PD,Okaloosa County FL SO
6,Maryville TN PD,Maryville TN PD,Okaloosa County FL SO
6,Pittsboro IN PD,Pittsboro IN PD,Okaloosa County FL SO
6,Columbia County FL SO,"Columbia County Housing Authority (FL) Condors,Columbia County FL SO,Columbia County Housing Authority (FL)",Okaloosa County FL SO
6,Johnson County TN SO,Johnson County TN SO,Okaloosa County FL SO
6,Florence County SC SO,Florence County SC Sheriff's Office,Okaloosa County FL SO
6,Albertville AL PD,Albertville AL PD,Okaloosa County FL SO
6,Atlantis FL PD,"Atlantis FL PD,Atlantis FL PD (Condors)",Okaloosa County FL SO
6,Jasper GA PD,Jasper GA PD,
6,Tarrant AL PD,"Tarrant AL PD,Tarrant AL PD - Raven",
6,Indialantic FL PD,Indialantic FL PD,Okaloosa County FL SO
6,East Baton Rouge LA SO,East Baton Rouge Parish LA SO,
6,Marietta GA PD,"Marietta GA PD - Flex,Marietta GA PD - Condor,Marietta GA PD - Falcon",
6,Alachua County FL SO,"Alachua County FL SO,Alachua County FL SO Gunshot Detection",Okaloosa County FL SO
6,Hamilton AL PD,Hamilton AL PD,
6,Dunwoody GA PD,"Dunwoody GA Parks,Dunwoody GA PD",
6,Muscle Shoals AL PD,"Muscle Shoals AL Walmart,Muscle Shoals AL PD",
6,Ocala FL PD,Ocala FL PD,Okaloosa County FL SO
6,West Melbourne FL PD,"West Melbourne FL PD,West Melbourne FL PD - Wing",Okaloosa County FL SO
6,Savannah PD - GA,"Savannah GA PD,Savannah GA PD (Flex)",
6,Atlantic Beach FL PD,Atlantic Beach FL PD,Okaloosa County FL SO
6,St. Tammany Parish LA SO,St. Tammany Parish LA SO,Okaloosa County FL SO
6,Etowah County AL SO,Etowah County AL SO,Okaloosa County FL SO
6,Webster County GA SO,Webster County GA SO,Okaloosa County FL SO
7,Scottsboro AL PD,Scottsboro AL PD,Okaloosa County FL SO
7,Guntersville AL PD,Guntersville AL PD,Okaloosa County FL SO
7,Lancaster County SC SO,"Lancaster County SC SO (Flex),Lancaster County SC SO",
7,Fort Worth TX PD,"Fort Worth TX PD - Wing LVT,Sun Valley PID,Fort Worth TX PD,Fort Worth Code Compliance,Fort Worth TX PD PID #11 Stockyards,East Lancaster PID,Fort Worth TX PD - PID 7 Heritage,Fort Worth TX PD Wing LPR Cameras (Q1700),Fort Worth TX PD - Milestone Live PTZ,Fort Worth TX PD - Las Vegas Trail",
7,Statesboro GA PD,"Statesboro GA PD (Flex),Statesboro GA PD,Statesboro GA PD (Raven)",
7,Leeds AL PD,Leeds AL PD,Okaloosa County FL SO
7,Boone NC PD,Boone NC PD,
7,St. Augustine FL PD,St. Augustine FL PD,Okaloosa County FL SO
7,Coconut Creek FL PD,"Coconut Creek FL PD Flex,Coconut Creek FL PD",Okaloosa County FL SO
7,Fort Pierce FL PD,"Fort Pierce FL PD (Condor),Fort Pierce FL PD,Fort Pierce FL PD Flex,Fort Pierce FL PD - Raven",Okaloosa County FL SO
7,Fishers IN PD,Fishers IN PD,
7,Auburn GA PD,Auburn GA PD,
7,Thomaston GA PD,Thomaston GA PD,
7,Fairfield County SC SO,Fairfield County SC SO,
7,Galveston County TX SO,Galveston County TX SO,
7,Jackson County FL SO,Jackson County FL SO,Okaloosa County FL SO
7,Dodge County GA SO,Dodge County GA SO,Okaloosa County FL SO
7,Snead AL PD,Snead AL PD,
7,Springfield TN PD,Springfield TN PD,
7,Ardmore AL PD,Ardmore AL PD,
7,Irondale AL PD,Irondale AL PD,Okaloosa County FL SO
7,Morrow GA PD,"Morrow GA PD - Redspeed,City of Morrow (GA)",
7,Madison County GA SO,Madison County GA SO,Okaloosa County FL SO
7,Lauderdale County TN SO,Lauderdale County TN SO,
7,Broward County FL SO,"Broward County FL SO,City of Deerfield Beach,City of Tamarac (FL)",Okaloosa County FL SO
8,Lafayette County MS SO,"Lafayette County MS SO,Lafayette County MS SO (Flex)",Okaloosa County FL SO
8,Crystal Springs MS PD,Crystal Springs MS PD,
8,Oxford MS PD,Oxford MS PD,Okaloosa County FL SO
8,Conyers GA PD,Conyers GA PD,
8,Calhoun GA PD,Calhoun GA PD,Okaloosa County FL SO
8,St. Charles Parish LA SO,"St. Charles Parish LA SO,St. Charles Parish LA SO (Flex)",
8,Mount Dora FL PD,Mount Dora FL PD,Okaloosa County FL SO
8,Iberville Parish LA SO,Iberville LA SO,Okaloosa County FL SO
8,Greenville SC PD,"Greenville SC PD,GVL Mobile",
8,St. Martin Parish LA SO,St. Martin Parish LA SO,Okaloosa County FL SO
8,LaFayette County FL SO,"Lafayette County FL SO (Flex),LaFayette County FL SO",Okaloosa County FL SO
8,Danielsville GA PD,Danielsville GA PD,
8,Vernon Parish LA SO,Vernon Parish LA SO,Okaloosa County FL SO
8,Niceville FL PD,Niceville FL PD,Okaloosa County FL SO
8,Gluckstadt MS PD,"Gluckstadt MS PD (Flex),Gluckstadt MS PD",Okaloosa County FL SO
8,Hoover AL PD,Hoover PD (AL),Okaloosa County FL SO
8,Seminole County FL SO,"Seminole County FL SO (Flex),Seminole County FL SO",Okaloosa County FL SO
8,Byron GA PD,Byron GA PD,Okaloosa County FL SO
8,Griffin GA PD,"Griffin GA PD - Falcon,Griffin GA PD - Flex",
8,Bradford County FL SO,Bradford County FL SO,Okaloosa County FL SO
8,Martin County FL SO,"Martin County FL SO,Martin County FL SO (Flex)",Okaloosa County FL SO
8,Perry FL PD,Perry FL PD,Okaloosa County FL SO
8,Wilton Manors FL PD,"Wilton Manors FL PD (Falcon Flex),Wilton Manors FL PD",Okaloosa County FL SO
8,Fort Walton Beach FL PD,"Fort Walton Beach FL PD,Fort Walton Beach FL PD (Flex)",Okaloosa County FL SO
8,Cedartown GA PD,"Cedartown GA PD - Redspeed,Cedartown GA PD,Cedartown GA PD Condor",
8,Covington GA PD,"Covington GA PD,Covington Housing Authority",Okaloosa County FL SO
8,Jesup GA PD,Jesup PD (GA),Okaloosa County FL SO
8,LaGrange GA PD,"LaGrange GA PD - Redspeed,LaGrange GA PD",
8,Milton GA PD,"Milton GA PD,Milton GA PD (Flex)",Okaloosa County FL SO
8,Canton GA PD,Canton GA PD,
8,Southaven MS PD,Southaven MS PD,
8,West Palm Beach FL PD,West Palm Beach FL PD,Okaloosa County FL SO
9,Gwinnett County GA SO,Gwinnett County Sheriff's Office (GA),
9,Gainesville GA PD,"Gainesville PD (GA) Flex,Gainesville GA PD",
9,Moultrie GA PD,"Moultrie GA PD - Raven,Moultrie GA PD,Moultrie GA PD (Condors)",
9,Towns County GA SO,Towns County GA SO,
9,Alabama Department of Corrections,"Alabama Dept of Corrections (Flex),Alabama Department of Corrections",Okaloosa County FL SO
9,Hackleburg AL PD,Hackleburg AL PD,
9,Bay County FL SO,"Bay County FL SO Flex,Bay County FL SO",Okaloosa County FL SO
9,Mooresville NC PD,Mooresville NC PD,
9,Clarkston GA PD,Clarkston GA PD,
9,Oglethorpe County GA SO,Oglethorpe County GA SO,
9,DeKalb County GA PD,"DeKalb County GA PD (GSD),Dekalb County GA PD,DeKalb County PD Parks,Gresham Park Rec Center,DeKalb County GA PD (GA Power Old)",
9,St. John Parish LA SO,St. John Parish LA SO,
9,Fort Oglethorpe GA PD,Fort Oglethorpe GA PD,
9,Panama City Beach FL PD,Panama City Beach FL PD,Okaloosa County FL SO
9,Upson County GA SO,Upson County GA SO,
9,Cobb County GA PD,"Cobb County Parks & Rec,Cobb County GA PD",Okaloosa County FL SO
9,Greenville AL PD,"Greenville AL PD,Greenville AL PD (Flex)",
9,Riviera Beach FL PD,Riviera Beach FL PD,Okaloosa County FL SO
9,Escambia County FL SO,Escambia County FL SO,Okaloosa County FL SO
9,Florence AL PD,Florence AL PD,
9,Jefferson Parish LA SO,Jefferson Parish LA SO,
9,Apopka FL PD,Apopka FL PD,Okaloosa County FL SO
9,Adrian MI PD,Adrian MI PD,Okaloosa County FL SO
9,Fultondale AL PD,Fultondale AL PD,
9,Bryan County GA SO,Bryan County GA SO,
9,Pinellas County FL SO,Pinellas County FL SO,Okaloosa County FL SO
9,Lexington TN PD,Lexington TN PD,
9,Helena AL PD,Helena AL PD,Okaloosa County FL SO
9,Valdosta State University GA PD,Valdosta State Univ GA PD,
10,Biltmore Forest NC PD,Biltmore Forest NC PD,
10,Lake Mary FL PD,Lake Mary FL PD,Okaloosa County FL SO
10,MS - Itawamba Community College Campus PD,Itawamba Community College Campus PD (MS),
10,Homewood AL PD,Homewood AL PD*,
10,Suwannee County FL SO,Suwanee County FL SO,Okaloosa County FL SO
10,AL - Sylacauga PD,Sylacauga PD (AL),
10,Hollywood FL PD,"Hollywood FL PD,Hollywood FL PD (Condor)",Okaloosa County FL SO
10,Belmont NC PD,Belmont NC PD,
10,Alexander AR PD,Alexander PD (AR),
10,Titusville FL PD,Titusville FL PD,Okaloosa County FL SO
10,Colbert County AL SO,Colbert County AL SO,
10,Habersham County GA SO,Habersham County GA SO,
10,Cullman County AL SO,Cullman County SO (AL),Okaloosa County FL SO
10,Lee County AL SO,Lee County AL SO,
10,Monterey TN PD,Monterey TN PD,
10,Bessemer AL PD,Bessemer AL PD,
10,Russell County AL SO,Russell County AL SO,Okaloosa County FL SO
10,Decatur County GA SO,Decatur County GA SO,
10,South Miami FL PD,South Miami PD (FL),Okaloosa County FL SO
10,Coral Springs FL PD,Coral Springs FL PD,Okaloosa County FL SO
10,St. Bernard Parish LA SO,St. Bernard Parish LA SO,
10,Colquitt County GA SO,"Colquitt County GA SO (Flex),Colquitt County GA SO",Okaloosa County FL SO
10,Putnam County FL SO,"Putnam County FL SO (Flex),Putnam County FL SO",Okaloosa County FL SO
10,Pell City AL PD,Pell City AL PD,Okaloosa County FL SO
10,Winfield AL PD,Winfield AL PD,
10,Troy AL PD,Troy AL PD,
10,Harris County Const TX Pct 4,Heatherloch MUD TX,
10,Adairsville GA PD,Adairsville GA PD,
10,Lee County GA SO,Lee County GA SO,Okaloosa County FL SO
10,Mountain Brook AL PD,Mountain Brook AL PD,Okaloosa County FL SO
10,Dale County AL SO,Dale County AL SO,Okaloosa County FL SO
10,Butts County GA SO,Butts County GA SO,
10,Casselberry FL PD,Casselberry FL PD,Okaloosa County FL SO
11,Thomas County GA SO,Thomas County GA SO,Okaloosa County FL SO
11,Newton MS PD,Newton MS PD,
11,Tupelo MS PD,"Tupelo MS PD,Tupelo MS PD (Flex)",
11,Franklin County AL SO,"Franklin County AL SO,Franklin County AL SO (Flex)",
11,Bibb County SO GA,Bibb County GA SO,
11,Covington LA PD,Covington LA PD,Okaloosa County FL SO
11,Warner Robins GA PD,"Warner Robins GA PD - Wing (Redspeed),Warner Robins GA PD,Warner Robins PD (GA) - Flex",
11,Miami-Dade FL SO,"Miami Dade FL SO Flex Network,Miami-Dade FL SO - NPF LPR Study,Miami-Dade FL SO (Flex),Miami-Dade FL SO",Okaloosa County FL SO
11,Atlanta GA PD,"Atlanta GA PD,Atlanta GA PD (Flex),Atlanta GA PD (LR),Atlanta GA PD Airport Division,Atlanta GA PD - Genetec",Okaloosa County FL SO
11,Live Oak FL PD,Live Oak FL PD,Okaloosa County FL SO
11,Tallahassee FL PD,Tallahassee FL PD,Okaloosa County FL SO
11,Meriwether County GA SO,"Meriwether County GA SO (FLEX),Meriwether County GA SO",
11,Lake City FL PD,"Lake City FL PD Raven,Lake City FL PD",Okaloosa County FL SO
11,Newnan GA PD,Newnan GA PD,
11,Montevallo AL PD,Montevallo AL PD,
11,Commerce GA PD,Commerce GA PD,
11,Gilchrist County FL SO,"Gilchrist County FL SO (Flex),Gilchrist County FL SO",Okaloosa County FL SO
11,Pontotoc MS PD,Pontotoc MS PD,
11,Florida Department of Law Enforcement (FDLE),Florida Department of Law Enforcement (FDLE),Okaloosa County FL SO
11,Lake County FL SO,Lake County FL SO,Okaloosa County FL SO
11,Madison County AL SO,Madison County SO Falcon (AL),
11,Bay Harbor Island FL PD,Bay Harbor Islands FL PD,Okaloosa County FL SO
11,FL - Belleair PD,"Belleair PD (FL),Belleair FL PD (Flex),Belleair PD (FL) (Condor)",Okaloosa County FL SO
11,Indian River Shores FL PD,Indian River Shores FL PD,Okaloosa County FL SO
11,AL - Autauga County SO,Autauga County SO (AL),
11,Lenoir City TN PD,Lenoir City TN PD,
11,Laurens SC PD,Laurens SC PD,
11,Lauderdale County AL SO,Lauderdale County AL SO,
11,Pasco County FL SO,Pasco County FL SO,Okaloosa County FL SO
12,Harris County GA SO,"Harris County GA SO Falcon Flex,Harris County GA SO",
12,Hueytown AL PD,Hueytown AL PD,Okaloosa County FL SO
12,High Springs FL PD,"High Springs FL PD - Redspeed,High Springs FL PD,High Springs FL PD Flex",Okaloosa County FL SO
12,Tipton County TN SO,Tipton County TN SO,
12,Kennesaw GA PD,Kennesaw GA PD,
12,Gulfport MS PD,Gulfport MS PD,Okaloosa County FL SO
12,Sumter County GA SO,"Sumter County GA SO,Sumter County GA School District",
12,Seminole County GA SO,Seminole County GA SO,Okaloosa County FL SO
12,FL- Sanford PD,"Sanford FL PD,Sanford FL PD - Trailer",
12,Lady Lake FL PD,"Lady Lake FL PD (Flex),Lady Lake FL PD",Okaloosa County FL SO
12,Jupiter FL PD,Jupiter FL PD,Okaloosa County FL SO
12,University of South Florida FL PD,University of South Florida FL PD,Okaloosa County FL SO
12,Florida Office of Agriculture Law Enforcement,Florida Office of Agriculture Law Enforcement,Okaloosa County FL SO
12,Lawrenceville GA PD,"Lawrenceville GA PD (Flex),Lawrenceville GA PD,Lawrenceville GA PD - Raven",
12,Ocoee FL PD,Ocoee FL PD,Okaloosa County FL SO
12,Orange County FL SO,Orange County FL SO,Okaloosa County FL SO
12,Department of Natural Resources - GA,Georgia Department of Natural Resources (Falcon Flex),Okaloosa County FL SO
12,Slidell LA PD,Slidell LA PD,
12,Longboat Key FL PD,Longboat Key FL PD,Okaloosa County FL SO
12,North Palm Beach FL PD,North Palm Beach FL PD,Okaloosa County FL SO
12,Goodlettsville TN PD,Goodlettsville TN PD,
12,Lavonia GA PD,Lavonia GA PD,
12,Hartselle AL PD,Hartselle AL PD,
12,Saline County AR SO,Saline County AR SO,
12,Darlington County SC SO,Darlington County SC SO,Okaloosa County FL SO
12,Richland County SC SO,Richland County SC SO,Okaloosa County FL SO
12,Hiram GA PD,Hiram GA PD,
12,Heard County GA SO,Heard County GA SO,
12,Brevard County FL SO,Brevard County FL SO,Okaloosa County FL SO
12,Green Cove Springs FL PD,Green Cove Springs FL PD,Okaloosa County FL SO
12,Melbourne FL PD,Melbourne FL PD,Okaloosa County FL SO
13,St. Petersburg FL PD,St Petersburg FL PD - NPF LPR Study,Okaloosa County FL SO
13,Santa Rosa County FL SO,Santa Rosa County FL SO,Okaloosa County FL SO
13,Town of Connelly Springs NC,Town of Connelly Springs NC,
13,Lakeland FL PD,"Lakeland FL PD,Lakeland FL PD (Flex)",Okaloosa County FL SO
13,Belle Isle FL PD,Belle Isle FL PD,Okaloosa County FL SO
13,Panama City FL PD,Panama City FL PD,Okaloosa County FL SO
13,Jackson TN PD,"Jackson TN PD,Jackson TN PD (Flex)",
13,Lookout Mountain TN PD,Lookout Mountain TN PD,
13,Center Point AL PD,Center Point AL,
13,Roswell GA PD,Roswell GA PD,
13,Highland Beach FL PD,"Highland Beach FL PD (Condor),Highland Beach FL PD",Okaloosa County FL SO
13,Port St. Lucie FL PD,Port St. Lucie FL PD,Okaloosa County FL SO
13,Elizabethton TN PD,Elizabethton TN PD,
13,Oconee County GA SO,Oconee County GA SO,Okaloosa County FL SO
13,MS - Philadelphia PD,Philadelphia PD Falcon Cams (MS),
13,Hardin County TN SO,Hardin County TN SO,
13,Thornton CO PD,Thornton CO PD,Okaloosa County FL SO
13,Sumter County FL SO,"Sumter County FL SO,Sumter County FL SO (Flex)",Okaloosa County FL SO
13,Camilla GA PD,"Camilla GA PD,Camilla GA PD (Raven),Camilla GA PD (Live Video)",Okaloosa County FL SO
13,Fort Lauderdale FL PD,Fort Lauderdale FL PD,Okaloosa County FL SO
13,Franklin GA PD,Franklin GA PD,
13,Okeechobee County FL SO,"Okeechobee County FL SO,Okeechobee County FL SO ( Falcon Flex)",Okaloosa County FL SO
13,Lumpkin County SO GA,Lumpkin County SO (GA),
13,Coffee County AL SO,Coffee County AL SO,
13,Vestavia Hills AL PD,Vestavia Hills AL PD,Okaloosa County FL SO
13,Pinellas Park FL PD,Pinellas Park FL PD,Okaloosa County FL SO
13,Florida Atlantic University FL PD,Florida Atlantic University (FL),Okaloosa County FL SO
13,Akron OH PD,Akron OH PD,
13,Haines City FL PD,Haines City FL PD,Okaloosa County FL SO
13,Florida State University Campus PD FL,Florida State University Campus PD FL,Okaloosa County FL SO
13,Palm Bay FL PD,Palm Bay FL PD,Okaloosa County FL SO
14,Decatur GA PD,Decatur GA PD,
14,Leake County MS SO,Leake County MS SO,
14,Pocahontas AR PD,Pocahontas AR PD,
14,Cocoa FL PD,Cocoa FL PD,Okaloosa County FL SO
14,Henry County GA PD,"Henry County GA PD,Henry County GA PD - Condor,Henry County GA PD - Raven,Henry County GA - Wing LVI (Redspeed),Henry County GA PD - Wing",
14,Jacksonville Beach FL PD,Jacksonville Beach FL PD,Okaloosa County FL SO
14,MS - Biloxi PD,Biloxi PD (MS),
14,Shelby County TN SO,"Town of Arlington (TN),Shelby County TN SO,Lakeland TN",Okaloosa County FL SO
14,Leesburg FL PD,Leesburg FL PD,Okaloosa County FL SO
14,Spartanburg SC PD,"Spartanburg SC PD,Spartanburg SC PD (Flex)",
14,Davenport FL PD,Davenport FL PD,Okaloosa County FL SO
14,Stone Mountain GA PD,Stone Mountain GA PD,
14,Franklin County FL SO,Franklin County FL SO,Okaloosa County FL SO
14,US GSA Office of Inspector General,US - GSA Office of Inspector General,Okaloosa County FL SO
14,Alabaster AL PD,Alabaster AL PD,Okaloosa County FL SO
14,Fish and Wildlife Commission FL PD,"FL - Florida Fish & Wildlife Wing,Fish and Wildlife Commission FL PD",Okaloosa County FL SO
14,Baker County GA SO,Baker County GA SO,
14,Calhoun County AL SO,Calhoun County AL SO,Okaloosa County FL SO
14,Florida City FL PD,Florida City FL PD,Okaloosa County FL SO
14,Town of West Blocton AL PD,Town of West Blocton AL PD,
14,Hamilton GA,Hamilton GA - Redspeed,
14,Tuscaloosa County AL SO,Tuscaloosa County AL SO,Okaloosa County FL SO
14,Jefferson GA PD,Jefferson GA PD,
14,AL - Andalusia PD,Andalusia PD (AL),
14,D'Iberville MS PD,D'Iberville MS PD,Okaloosa County FL SO
14,Jefferson County FL SO,"Jefferson County FL SO,Jefferson County FL SO (Flex)",Okaloosa County FL SO
14,Austell GA PD,Austell GA PD,
14,AL - Daphne PD,Daphne PD (AL),
14,Ashville AL PD,Ashville AL PD,
14,Sanibel FL PD,Sanibel FL PD,Okaloosa County FL SO
15,Washington County TN SO,Washington County TN SO (Flex),
15,Lafayette Parish LA SO,Lafayette Parish LA SO,
15,Scott City MO PD,Scott City MO PD,
15,Flagler County FL SO,Flager County SO (FL),Okaloosa County FL SO
15,Liberty County FL SO,Liberty County FL SO,Okaloosa County FL SO
15,Mountain City TN PD,Mountain City TN PD,Okaloosa County FL SO
15,Hapeville GA PD,Hapeville GA PD,
15,Cocke County TN SO,Cocke County TN SO,
15,Morgan County AL SO,Morgan County AL SO,Okaloosa County FL SO
15,Lake Alfred FL PD,Lake Alfred FL PD,Okaloosa County FL SO
15,Jackson AL PD,Jackson AL PD,
15,Madison MS PD,"Madison MS PD- Flex Demo,Madison MS PD",
15,Forsyth County GA SO,"Forsyth County GA SO (Flex),Forsyth County GA SO",Okaloosa County FL SO
15,Huntsville AL PD,Huntsville AL PD,Okaloosa County FL SO
15,Charleston MO DPS,Charleston MO DPS,
15,Woodstock AL PD,Woodstock AL PD,Okaloosa County FL SO
15,North Miami FL PD,North Miami FL PD,Okaloosa County FL SO
15,Troup County GA SO,Troup County GA SO,
15,Paulding County GA SO,Paulding County GA SO,
15,Pickens County SC SO,Pickens County SC SO,Okaloosa County FL SO
15,Lufkin TX PD,Lufkin PD TX,
15,Sebastian FL PD,Sebastian FL PD,Okaloosa County FL SO
15,Juno Beach FL PD,Juno Beach FL PD,Okaloosa County FL SO
15,Lilburn GA PD,Lilburn GA PD,
15,Conway SC PD,Conway SC PD,
15,Cocoa Beach FL PD,Cocoa Beach FL PD,Okaloosa County FL SO
15,Washington County SO - GA,Washington County GA SO,
15,Anderson SC PD,"Anderson SC PD,Anderson SC PD (Flex)",Okaloosa County FL SO
15,Sumter County SC SO,SC - Sumter Co Sheriff's Office,
15,Columbia County GA SO,Columbia County GA SO,
15,Olive Branch MS PD,Olive Branch MS PD,
15,Blountsville AL PD,Blountsville AL PD,
15,Pinecrest FL PD,Pinecrest FL PD,Okaloosa County FL SO
16,McDonough GA PD,"McDonough GA PD - RedSpeed,McDonough GA PD",
16,Robeson County NC SO,Robeson County NC SO,Okaloosa County FL SO
16,Eustis FL PD,Eustis FL PD,Okaloosa County FL SO
16,Covington TN PD,Covington TN PD,
16,Marianna FL PD,Marianna FL PD,Okaloosa County FL SO
16,Collegedale TN PD,Collegedale TN PD,
16,Anderson County TN SO,Anderson County TN SO,
16,Lincoln Parish LA SO,Lincoln Parish LA SO,
16,Moncks Corner SC PD,Moncks Corner SC PD,
16,Johns Creek GA PD,Johns Creek GA PD,
16,Bay St. Louis MS PD,Bay St. Louis PD (MS),Okaloosa County FL SO
16,University of North Carolina Charlotte (NC),University of North Carolina Charlotte (NC),
16,Ocean Springs MS PD,Ocean Springs MS PD,
16,Peachtree Corners GA Marshal's Office,Peachtree Corners GA,Okaloosa County FL SO
16,Dadeville AL PD,Dadeville AL PD,
16,Sarasota FL PD,Sarasota FL PD,Okaloosa County FL SO
16,Dalton GA PD,Dalton GA PD,
16,Manatee County FL SO,Manatee County FL SO,Okaloosa County FL SO
16,Rankin County MS SO,Rankin County MS SO,
16,Bienville Parish LA SO,Bienville Parish LA SO,Okaloosa County FL SO
16,Fort Mill SC PD,Fort Mill SC PD,
16,Sikeston MO DPS,Sikeston MO PD,
16,Jackson MS PD,Jackson MS PD,
16,MS - Flowood PD,Flowood PD Falcons (MS),Okaloosa County FL SO
16,Newton County MS SO,Newton County MS SO,Okaloosa County FL SO
16,Vero Beach FL PD,"Vero Beach FL PD (Condor),Vero Beach FL PD",Okaloosa County FL SO
16,Barrow County GA SO,Barrow County GA SO (Falcon),
16,Miramar FL PD,Miramar FL PD,Okaloosa County FL SO
16,Cumming GA PD,Cumming GA PD,Okaloosa County FL SO
16,Georgia Southwestern State University Campus PD,Georgia Southwestern State University Campus PD,Okaloosa County FL SO
16,Fairburn GA PD,Fairburn GA PD,
16,Dixie County FL SO,Dixie County FL SO (Flex),Okaloosa County FL SO
16,St. Lucie County FL SO,St. Lucie County FL SO,Okaloosa County FL SO
17,Hamilton County FL SO,Hamilton County FL SO,Okaloosa County FL SO
17,Murray County GA SO,Murray County GA SO,
17,Laurens County GA SO,Laurens County GA SO,
17,Coffee County GA SO,Coffee County GA SO,
17,Fulton MS PD,Fulton MS PD,
17,Miami Gardens FL PD,Miami Gardens FL PD,Okaloosa County FL SO
17,East Point GA PD,East Point GA PD,
17,Carthage MS PD,Carthage MS PD,
17,Trussville AL PD,Trussville AL PD,
17,Pelham AL PD,Pelham AL PD,Okaloosa County FL SO
17,Watauga County NC SO,Watauga County NC SO,
17,Gulf Stream FL PD,Gulf Stream FL PD,Okaloosa County FL SO
17,Dickson TN PD,Dickson TN PD,Okaloosa County FL SO
17,Malvern AR PD,Malvern AR PD,
17,AL- Clarke County SO,Clarke County SO (AL),
17,Woodstock GA PD,"Woodstock GA PD - Wing (RedSpeed),Woodstock GA PD",
17,Claiborne County TN SO,Claiborne County TN SO,
17,Jasper County IN SO,Jasper County IN SO,
17,Rincon GA PD,Rincon GA PD,Okaloosa County FL SO
17,Palm Beach FL PD,"Palm Beach FL PD - Genetec LPR SharpV,Palm Beach FL PD",Okaloosa County FL SO
17,Northport AL PD,Northport AL PD,
17,Washington County FL SO,Washington County FL SO,Okaloosa County FL SO
17,Vonore TN PD,Vonore TN PD,
17,Waveland MS PD,Waveland PD (MS),
17,Phenix City AL PD,Phenix City AL PD,Okaloosa County FL SO
17,Missouri Department of Public Safety,Missouri Department of Public Safety,
17,Bloomfield NM PD,Bloomfield NM PD,
17,Winder GA PD,Winder GA PD,
17,Nassau County FL SO,Nassau County FL SO,Okaloosa County FL SO
17,Loganville GA PD,Loganville GA PD,Okaloosa County FL SO
17,Baytown TX PD,Baytown TX PD,
17,Pensacola FL PD,Pensacola FL PD,Okaloosa County FL SO
17,Town of Hildebran (NC),Town of Hildebran (NC),
18,Snellville GA PD,Snellville GA PD,
18,Crossville TN PD,Crossville TN PD,
18,Cartersville GA PD,Cartersville GA PD,
18,Florida Highway Patrol,"Florida Highway Patrol (LR),Florida Highway Patrol",Okaloosa County FL SO
18,Hendry County FL SO,Hendry County FL SO,Okaloosa County FL SO
18,Jemison AL PD,Jemison AL PD,Okaloosa County FL SO
18,Ridgeland MS PD,Ridgeland MS PD,Okaloosa County FL SO
18,Pembroke Pines FL PD,Pembroke Pines FL PD,Okaloosa County FL SO
18,Port Fourchon Harbor LA PD,Port Fourchon Harbor LA PD,Okaloosa County FL SO
18,Hall County GA SO,Hall County GA SO,Okaloosa County FL SO
18,Whitfield County GA SO,Whitfield County GA SO,Okaloosa County FL SO
18,Palm Beach County FL SO,"Palm Beach County FL SO (Condor),Palm Beach County FL SO (LR),Palm Beach County FL SO",Okaloosa County FL SO
18,Mount Pleasant SC PD,Mount Pleasant SC PD,Okaloosa County FL SO
18,Suwanee GA PD,Suwanee GA PD,
18,Jonesboro AR PD,"Jonesboro AR PD,Jonesboro AR PD (Flex),Bridger Place (AR)",
18,Henderson County NC SO,Henderson County NC SO,
18,Village of Palm Springs FL PD,Palm Springs FL PD,Okaloosa County FL SO
18,St. Johns County FL SO,"St. Johns County FL SO,St. Johns County FL SO (LR)",Okaloosa County FL SO
18,Blount County TN SO,Blount County TN SO,
18,Kingston Springs TN PD,Kingston Springs TN PD,Okaloosa County FL SO
18,Moody AL PD,Moody AL PD,Okaloosa County FL SO
18,Berkeley County SC SO,Berkeley County SC SO,
18,Kershaw County SC SO,Kershaw County SC SO,
18,Cherokee County AL SO,Cherokee County AL SO,
18,Elgin SC PD,Elgin SC PD,
18,Winter Park FL PD,Winter Park FL PD,Okaloosa County FL SO
18,Ellijay GA PD,Ellijay GA PD,
18,Hanceville AL PD,Hanceville AL PD,
18,Dawson GA PD,Dawson GA PD,
18,Union County MS SO,Union County MS SO,
18,Sevierville TN PD,Sevierville TN PD,
19,Pooler GA PD,"Pooler GA PD,Pooler GA PD (Flex)",
19,Prattville AL PD,Prattville AL PD,Okaloosa County FL SO
19,Bowling Green Warren County Drug Task Force KY,Bowling Green Warren County Drug Task Force KY,Okaloosa County FL SO
19,Quincy FL PD,Quincy FL PD,
19,Dayton TN PD,Dayton TN PD,
19,Anderson County SC SO,Anderson County SC SO,
19,Rockdale County GA SO,Rockdale County GA SO,
19,Williamson County TN SO,Williamson County TN SO,Okaloosa County FL SO
19,Riverdale GA PD,"Riverdale GA PD - RedSpeed,Riverdale GA PD (Flex),Riverdale GA PD",
19,Volusia County FL SO,Volusia County FL SO,Okaloosa County FL SO
19,Alpharetta GA PD,"Alpharetta GA PD,Alpharetta GA PD - RedSpeed",
19,Cook County GA SO,Cook County GA SO,
19,Nolensville TN PD,Nolensville TN PD,
19,Oglethorpe GA PD,Oglethorpe GA PD,
19,University of North FL PD,University of North FL PD (Falcon),
19,Gulf County FL SO,Gulf County FL SO,Okaloosa County FL SO
19,Locust Grove GA PD,Locust Grove GA PD,
19,Indian Harbour Beach FL PD,Indian Harbour Beach FL PD,Okaloosa County FL SO
19,Ashland City TN PD,Ashland City TN PD,
19,Gaston County NC PD,Gaston County NC PD,
19,Chatsworth GA PD,Chatsworth GA PD,Okaloosa County FL SO
19,Loudon TN PD,Loudon TN PD,
19,Greenbrier TN PD,Greenbrier TN PD,Okaloosa County FL SO
19,Hamilton County TN SO,Hamilton County TN SO,
19,MS - Raymond PD,Raymond PD (MS),Okaloosa County FL SO
19,Foley AL PD,Foley AL PD,
19,Marion SC PD,"Marion SC PD,Marion SC PD Flex",
19,Port Orange FL PD,Port Orange FL PD,Okaloosa County FL SO
19,Baker County FL SO,Baker County FL SO,Okaloosa County FL SO
19,Murfreesboro TN PD,Murfreesboro TN PD - (LPR),Okaloosa County FL SO
19,Georgia Tech GA PD,Georgia Tech GA PD,
19,York County SC SO,York County SC SO,Okaloosa County FL SO
20,Sarasota County FL SO,"Sarasota County FL SO (Flex),Sarasota County FL SO",Okaloosa County FL SO
20,Lauderdale County MS SO,Lauderdale County MS SO,
20,Elizabethtown KY PD,Elizabethtown KY PD,Okaloosa County FL SO
20,Scott County MS SO,Scott County MS SO,Okaloosa County FL SO
20,Senoia GA PD,Senoia GA PD,Okaloosa County FL SO
20,Lake Clarke Shores FL PD,Lake Clarke Shores FL PD,Okaloosa County FL SO
20,Paris TN PD,Paris TN PD,
20,DeLand FL PD,DeLand FL PD,Okaloosa County FL SO
20,Mount Holly NC PD,Mt Holly NC PD,Okaloosa County FL SO
20,Hernando County FL SO,Hernando County FL SO,Okaloosa County FL SO
20,Athens-Clarke County GA PD,Athens Clarke County GA PD,
20,Largo FL PD,Largo FL PD,Okaloosa County FL SO
20,Piperton TN PD,Piperton TN PD,
20,Bonifay FL PD,Bonifay FL PD,
20,Eufaula AL PD,Eufaula AL PD,
20,Margate FL PD,Margate FL PD,Okaloosa County FL SO
20,Oxford AL PD,Oxford AL PD,Okaloosa County FL SO
20,Crestview FL PD,Crestview FL PD,Okaloosa County FL SO
20,MS - Wayne County SO,Wayne County SO (MS),
20,Ocilla GA PD,Ocilla GA PD,
20,Panama City Airport FL PD,Panama City Airport FL PD,Okaloosa County FL SO
20,Sumner County TN SO,Sumner County TN SO,Okaloosa County FL SO
20,Leesburg AL PD,Leesburg AL PD,Okaloosa County FL SO
20,Bossier City LA PD,Bossier City LA PD,Okaloosa County FL SO
20,Twiggs County GA SO,Twiggs County GA SO,
20,Ocean Ridge FL PD,Ocean Ridge FL PD,Okaloosa County FL SO
20,Opelika AL PD,Opelika AL PD,Okaloosa County FL SO
20,Macon County AL SO,Macon County SO AL,
20,Irmo SC PD,Irmo SC PD,
20,Livingston TX PD,Livingston TX PD,
20,Temple GA PD,Temple GA PD,
20,Greenwood SC PD,Greenwood SC PD,
20,Lafayette TN PD,Lafayette TN PD,
21,Leon County FL SO,Leon County FL SO,Okaloosa County FL SO
21,Sandy Springs GA PD,"Sandy Springs GA PD,Sandy Springs GA PD Flex",
21,Shelby County AL SO,"Shelby County AL SO,Shelby County AL SO Condors",Okaloosa County FL SO
21,Yancey County NC SO,"Yancey County NC SO,Yancey County NC SO (Flex)",
21,Cheatham County TN SO,Cheatham County TN SO,
21,CSX Railroad PD,CSX Railroad TN PD,Okaloosa County FL SO
21,Avery County NC SO,Avery County NC SO Flex,Okaloosa County FL SO
21,Oak Ridge TN PD,Oak Ridge TN PD,
21,Douglasville GA PD,Douglasville GA PD,
21,Oakland TN PD,Oakland TN PD (FLEX),
21,Brighton AL PD,Brighton AL PD,
21,Daytona Beach Shores FL PD,Daytona Beach Shores FL PD,Okaloosa County FL SO
21,Jasper AL PD,Jasper AL PD,
21,Bowdon GA PD,Bowdon GA PD,
21,Calera AL PD,Calera AL PD,
21,Avon IN PD,Avon IN PD,Okaloosa County FL SO
21,AL - Jacksonville State University Campus PD,Jacksonville State University Campus PD (AL),
21,Jupiter Inlet Colony FL PD,Jupiter Inlet Colony FL PD,Okaloosa County FL SO
21,St. James Parish LA SO,St James Parish LA SO,
21,Searcy AR PD,Searcy AR PD,
21,Dyer County TN SO,Dyer County TN SO,
21,Lamar County GA SO,Lamar County SO GA,
21,Trumann AR PD,Trumann AR PD,
21,Bessemer City NC PD,Bessemer City NC PD,
21,Pascagoula MS PD,Pascagoula MS PD,
21,Blackshear GA PD,Blackshear GA PD,
21,Georgetown SC PD,Georgetown SC PD,
21,Jefferson County TN SO,Jefferson County TN SO,
21,Tennessee Valley Authority Police,Tennessee Valley Authority Police,
21,Cleveland County NC SO,Cleveland County NC SO,
21,Kosciusko MS PD,Kosciusko MS PD,
21,Chatham-Savannah Counter Narcotics Team,CNT Flex,Okaloosa County FL SO
21,Blount County Commission (AL),Blount County Commission (AL),Okaloosa County FL SO
22,Jefferson County AR SO,Jefferson County AR SO (Flex Cams),
22,Rock Hill SC PD,Rock Hill SC PD,
22,Union County FL SO,Union County FL SO,Okaloosa County FL SO
22,MS - Senatobia PD,Senatobia PD (MS),
22,Stanley NC PD,Stanley NC PD,
22,Lawrence County AL SO,Lawrence County AL SO,
22,Florence SC PD,Florence SC PD,
22,Dyersburg TN PD,Dyersburg TN PD,
22,Mauldin SC PD,Mauldin SC PD,Okaloosa County FL SO
22,Montgomery County TN SO,Montgomery County TN SO,
22,Shelbyville TN PD,Shelbyville TN PD,Okaloosa County FL SO
22,Forrest County MS SO,Forrest County MS SO,
22,Peachtree City GA PD,Peachtree City GA PD,Okaloosa County FL SO
22,Jackson County GA SO,Jackson County GA SO,
22,Charleston SC PD,Charleston SC PD,
22,Sevier County TN SO,Sevier County TN SO,
22,Monroe GA PD,Monroe GA PD,
22,Simpsonville SC PD,Simpsonville SC PD,
22,Montezuma GA PD,Montezuma GA PD,Okaloosa County FL SO
22,Folly Beach SC PD,Folly Beach SC PD,
22,Milan TN PD,Milan TN PD,
22,Gatlinburg TN PD,Gatlinburg TN PD,
22,Hickory NC PD,Hickory PD (NC),
22,Sardis City AL PD,Sardis City AL PD,
22,Walterboro SC PD,Walterboro SC PD,
22,Easley SC PD,Easley SC PD,
22,Hart County GA SO,Hart County GA SO,
22,Desoto County FL SO,DeSoto County FL SO,Okaloosa County FL SO
22,Oconee County SC SO,Oconee County SC SO,
22,Alcoa TN PD,Alcoa TN PD,
22,South Daytona FL PD,South Daytona FL PD,Okaloosa County FL SO
22,Hamblen County TN SO,Hamblen County TN SO,Okaloosa County FL SO
22,Copiah County MS SO,Copiah County SO Flex Cams (MS),
23,Germantown TN PD,Germantown TN PD,Okaloosa County FL SO
23,Clarendon County SC SO,Clarendon County SC SO,Okaloosa County FL SO
23,Sherwood AR PD,Sherwood AR PD,Okaloosa County FL SO
23,Kingston TN PD,Kingston TN PD,Okaloosa County FL SO
23,Wichita Falls TX PD,Wichita Falls TX PD,Okaloosa County FL SO
23,Manchester TN PD,Manchester TN PD,Okaloosa County FL SO
23,Talladega County AL SO,Talladega County AL SO,Okaloosa County FL SO
23,SEMO Drug Task Force MO,SEMO MO Drug Task Force,Okaloosa County FL SO
23,Collier County FL SO,Collier County FL SO,Okaloosa County FL SO
23,Black Mountain NC PD,Black Mountain NC PD,Okaloosa County FL SO
23,Knoxville TN PD,Knoxville TN PD (Flex),Okaloosa County FL SO
23,AL - Troy University - Insight,AL - Troy University - Insight,Okaloosa County FL SO
23,Knox County TN SO,Knox County TN SO,Okaloosa County FL SO
23,Spartanburg County SC SO,Spartanburg County SC SO (Flex),Okaloosa County FL SO
23,Mint Hill NC PD,Mint Hill NC PD,Okaloosa County FL SO
23,AL - Wallace State Community College,Wallace State Community College (AL),Okaloosa County FL SO
23,Spring Hill TN PD,Spring Hill TN PD,Okaloosa County FL SO
23,Oliver Springs TN PD,Oliver Springs TN PD,Okaloosa County FL SO
23,Buncombe County NC SO,Buncombe County NC SO,Okaloosa County FL SO
23,Transylvania County NC SO,Transylvania County NC SO,Okaloosa County FL SO
23,Calloway County KY SO,Calloway County KY SO,Okaloosa County FL SO
23,Cordova AL PD,Cordova AL PD,Okaloosa County FL SO
23,Tuscaloosa AL PD,Tuscaloosa AL PD,Okaloosa County FL SO
23,Cookeville TN PD,Cookeville TN PD,Okaloosa County FL SO
23,McClothian IL PD,,Okaloosa County FL SO
23,Hope Mills NC PD,,Okaloosa County FL SO
23,Southern Reg PD PA,,Okaloosa County FL SO
23,Sheridan AR PD,,Okaloosa County FL SO
23,Mahoning Twp PA PD,,Okaloosa County FL SO
23,Pawnee County KS SO,,Okaloosa County FL SO
23,Pembroke NC PD,,Okaloosa County FL SO
23,Orthella WA PD,,Okaloosa County FL SO
23,Raytown MO PD,,Okaloosa County FL SO
24,Rogers County OK SO,,Okaloosa County FL SO
24,Abbeville SC PD,,Okaloosa County FL SO
24,Lenoir NC PD,,Okaloosa County FL SO
24,Haywood County NC SO,,Okaloosa County FL SO
24,University of West Georgia GA PD,,Okaloosa County FL SO
24,Oxford PD - OH,,Okaloosa County FL SO
24,Tampa FL PD,,Okaloosa County FL SO
24,Menomonee Falls WI PD,,Okaloosa County FL SO
24,Fairmount IN PD,,Okaloosa County FL SO
24,Sullivan IL PD,,Okaloosa County FL SO
24,Harrisonville MO PD,,Okaloosa County FL SO
24,Republic MO PD,,Okaloosa County FL SO
24,Greene County IN SO,,Okaloosa County FL SO
24,Sauk Prairie WI PD,,Okaloosa County FL SO
24,Struthers OH PD,,Okaloosa County FL SO
24,Sauk Village IL PD,,Okaloosa County FL SO
24,Perry County MO SO,,Okaloosa County FL SO
24,Mattapoisett MA PD,,Okaloosa County FL SO
24,Grand Chute WI PD,,Okaloosa County FL SO
24,Pike County IL SO,,Okaloosa County FL SO
24,Selma NC PD,,Okaloosa County FL SO
24,Cherokee County GA DA,,Okaloosa County FL SO
24,North Ridgeville OH PD,,Okaloosa County FL SO
24,Perry County MS SO,,Okaloosa County FL SO
24,McCracken County KY SO,,Okaloosa County FL SO
24,Milam County TX SO,,Okaloosa County FL SO
24,Danville IN PD,,Okaloosa County FL SO
24,Miami Springs FL PD,,Okaloosa County FL SO
24,Colorado Springs CO PD,,Okaloosa County FL SO
24,Adairsville KY PD,,Okaloosa County FL SO
24,Evansville IN PD,,Okaloosa County FL SO
24,Woodlawn OH PD,,Okaloosa County FL SO
24,Cape Girardeau MO PD,,Okaloosa County FL SO
25,Sea Ranch Lakes FL PD,,Okaloosa County FL SO
25,Paducah KY PD,,Okaloosa County FL SO
25,Asheville NC PD,,Okaloosa County FL SO
25,Greenville County SC SD,,Okaloosa County FL SO
25,Springfield MO PD,,Okaloosa County FL SO
25,AR - Alma PD,,Okaloosa County FL SO
25,Dent County MO SO,,Okaloosa County FL SO
25,Davie County NC SO,,Okaloosa County FL SO
25,Quogue Village NY PD,,Okaloosa County FL SO
25,Fairmont NC PD,,Okaloosa County FL SO
25,Louisville Metro KY PD,,Okaloosa County FL SO
25,Texas Financial Crimes Intelligence Center,,Okaloosa County FL SO
25,New Britain Township PA PD,,Okaloosa County FL SO
25,Dearborn MI PD,,Okaloosa County FL SO
25,Laurens County SC SO,,Okaloosa County FL SO
25,Wilkesboro NC PD,,Okaloosa County FL SO
25,Neosho County KS SO,,Okaloosa County FL SO
25,Selby DE PD,,Okaloosa County FL SO
25,Fort Collins CO PD,,Okaloosa County FL SO
25,Maggie Valley NC PD,,Okaloosa County FL SO
25,Monroe NC PD,,Okaloosa County FL SO
25,Griffith IN PD,,Okaloosa County FL SO
25,Raleigh NC PD,,Okaloosa County FL SO
25,Whiteville NC PD,,Okaloosa County FL SO
25,Georgetown KY PD,,Okaloosa County FL SO
25,Fairfield CA PD,,Okaloosa County FL SO
25,Miller County AR SO,,Okaloosa County FL SO
25,Sullivan County TN SO,,Okaloosa County FL SO
25,White House TN PD,,Okaloosa County FL SO
25,Grand Haven MI DPS,,Okaloosa County FL SO
25,Loveland CO PD,,Okaloosa County FL SO
25,Butler GA PD,,Okaloosa County FL SO
25,Schuyler Co. IL SO,,Okaloosa County FL SO
26,DeSoto County MS SO,,Okaloosa County FL SO
26,Jessamine County KY SO,,Okaloosa County FL SO
26,(Federal) Wright-Patterson OH Air Force Base,,Okaloosa County FL SO
26,Sterling Heights MI PD,,Okaloosa County FL SO
26,St. Charles City MO PD,,Okaloosa County FL SO
26,Idaho State Police ID,,Okaloosa County FL SO
26,Tomball TX PD,,Okaloosa County FL SO
26,Whitewater WI PD,,Okaloosa County FL SO
26,Mississippi Department of Public Safety,,Okaloosa County FL SO
26,Rockingham NC PD,,Okaloosa County FL SO
26,Rossville KY PD,,Okaloosa County FL SO
26,Harris County TX SO,,Okaloosa County FL SO
26,Mooresville AL PD,,Okaloosa County FL SO
26,Rankin Town NY PD,,Okaloosa County FL SO
26,Vienna WV PD,,Okaloosa County FL SO
26,Rogers AR PD,,Okaloosa County FL SO
26,Marion County AL SO,,Okaloosa County FL SO
26,Davidson NC PD,,Okaloosa County FL SO
26,Fairfax County VA PD,,Okaloosa County FL SO
26,Osage Beach MO PD,,Okaloosa County FL SO
26,Ofallon MO PD,,Okaloosa County FL SO
26,Wabaunsee County SO (KS),,Okaloosa County FL SO
26,Missouri Department of Conservation,,Okaloosa County FL SO
26,Puyallup WA PD,,Okaloosa County FL SO
26,Friendswood TX PD,,Okaloosa County FL SO
26,Zephyrhills FL PD,,Okaloosa County FL SO
26,Muscotah FL PD,,Okaloosa County FL SO
26,Crosby TX PD,,Okaloosa County FL SO
26,KS - Meade County SO,,Okaloosa County FL SO
26,Cuyahoga Falls OH PD,,Okaloosa County FL SO
26,Somerset County NJ Prosecutors Office,,Okaloosa County FL SO
26,(Federal) US Postal Inspection Service,,Okaloosa County FL SO
26,Missouri State Highway Patrol,,Okaloosa County FL SO
27,St Mary Parish LA SO,,Okaloosa County FL SO
27,Forest PD MS,,Okaloosa County FL SO
27,Missouri Information Analysis Center,,Okaloosa County FL SO
27,Duarte CA PD,,Okaloosa County FL SO
27,Huntersville PD NC,,Okaloosa County FL SO
27,Trousdale County TN SO,,Okaloosa County FL SO
27,Paso Robles CA PD,,Okaloosa County FL SO
27,Madison AL PD,,Okaloosa County FL SO
27,Morehead KY PD,,Okaloosa County FL SO
27,Maryland Heights MO PD,,Okaloosa County FL SO
27,Osceola County FL SO,,Okaloosa County FL SO
27,Springfield FL PD,,Okaloosa County FL SO
27,Chattahoochee FL PD,,Okaloosa County FL SO
27,Crestview FL PD,,Okaloosa County FL SO
27,Valparaiso FL PD,,Okaloosa County FL SO
27,Indian River County FL SO (2),,Okaloosa County FL SO
27,Vandalia OH PD,,Okaloosa County FL SO
27,Alabama Drug Enforcement Task Force Region G,,Okaloosa County FL SO
27,Troy MI PD,,Okaloosa County FL SO
27,Woodstock VA PD,,Okaloosa County FL SO
27,Coweta County GA SO,,Okaloosa County FL SO
27,Matthews NC PD,,Okaloosa County FL SO
27,Wichita KS PD,,Okaloosa County FL SO
27,Wayne County TN SO,,Okaloosa County FL SO
27,Richmond Heights MO PD,,Okaloosa County FL SO
27,TN ROCIC,,Okaloosa County FL SO
27,Mt. Juliet TN PD,,Okaloosa County FL SO
27,Rockport IN PD,,Okaloosa County FL SO
27,Alabama Department of Revenue,,Okaloosa County FL SO
27,Orange Park FL PD,,Okaloosa County FL SO
27,Boaz AL PD,,Okaloosa County FL SO
27,Oneonta AL PD,,Okaloosa County FL SO
27,FL - Department of Corrections,,Okaloosa County FL SO
28,Suwannee FL PD,,Okaloosa County FL SO
28,St. Cloud FL PD,,Okaloosa County FL SO
28,Glencoe AL PD,,Okaloosa County FL SO
28,Dade City FL PD,,Okaloosa County FL SO
28,Montgomery County AL SO,,Okaloosa County FL SO
28,Wakulla County FL SO,,Okaloosa County FL SO
28,Altamonte Springs FL PD,,Okaloosa County FL SO
28,Hialeah FL PD,,Okaloosa County FL SO
28,Glen Cove NY PD,,Okaloosa County FL SO
28,Purcell OK PD,,Okaloosa County FL SO
28,Macon County NC SO,,Okaloosa County FL SO
28,Spotsylvania County VA SO,,Okaloosa County FL SO
28,Sumter SC PD,,Okaloosa County FL SO
28,Henderson KY PD,,Okaloosa County FL SO
28,Bryant AR PD,,Okaloosa County FL SO
28,Goose Creek SC PD,,Okaloosa County FL SO
28,Perrysburg OH PD,,Okaloosa County FL SO
28,Loris SC PD,,Okaloosa County FL SO
28,Tuscarawas County OH SO,,Okaloosa County FL SO
28,Lebanon TN PD,,Okaloosa County FL SO
28,Hendersonville TN PD,,Okaloosa County FL SO
28,Munroe Health PD (IN),,Okaloosa County FL SO
28,Jackson WI PD,,Okaloosa County FL SO
28,Lake County IN SO,,Okaloosa County FL SO
28,Lexington NC PD,,Okaloosa County FL SO
28,Urbana OH PD,,Okaloosa County FL SO
28,Rock County WI SO,,Okaloosa County FL SO
28,North Wilkesboro NC PD,,Okaloosa County FL SO
28,Pottawatomie County KS SO,,Okaloosa County FL SO
28,El Cajon CA PD,,Okaloosa County FL SO
28,Nassau County NY PD,,Okaloosa County FL SO
28,South Carolina Law Enforcement Division - SLED,,Okaloosa County FL SO
28,Jefferson County MO SO,,Okaloosa County FL SO
29,Lonoke County AR SO,,Okaloosa County FL SO
29,Imperial County CA SO,,Okaloosa County FL SO
29,Eau Claire County WI SO,,Okaloosa County FL SO
29,Princeton IN PD,,Okaloosa County FL SO
29,Iredell County NC SO,,Okaloosa County FL SO
29,Cedar County IA SO,,Okaloosa County FL SO
29,Calhoun County SC SO,,Okaloosa County FL SO
29,Village of Clearview WV PD,,Okaloosa County FL SO
29,Walford SC PD,,Okaloosa County FL SO
29,Altoona IA PD,,Okaloosa County FL SO
29,Washington County WI SO,,Okaloosa County FL SO
29,Hanover Park IL PD,,Okaloosa County FL SO
29,Rutherford County NC SO,,Okaloosa County FL SO
29,Vernon County WI SO,,Okaloosa County FL SO
29,White Pine TN PD,,Okaloosa County FL SO
29,Winterville NC PD,,Okaloosa County FL SO
29,UCPAO AR,,Okaloosa County FL SO
29,Carson County TX SO,,Okaloosa County FL SO
29,Cabot AR PD,,Okaloosa County FL SO
29,Henderson County KY SO,,Okaloosa County FL SO
29,Summerset SD PD,,Okaloosa County FL SO
29,Owensboro KY PD,,Okaloosa County FL SO
29,Stuart FL PD,,Okaloosa County FL SO
29,Portland TN PD,,Okaloosa County FL SO
29,Tell City IN PD,,Okaloosa County FL SO
29,Manalapan FL PD,,Okaloosa County FL SO
29,Okaloosa County FL SO,,Okaloosa County FL SO
29,University of South Florida at St. Petersburg FL PD,,Okaloosa County FL SO
29,Nashville Intl Airport TN PD,,Okaloosa County FL SO